--
-- PostgreSQL database dump
--

SET statement_timeout = 0;
SET lock_timeout = 0;
SET client_encoding = 'UTF8';
SET standard_conforming_strings = on;
SET check_function_bodies = false;
SET client_min_messages = warning;

--
-- Name: plpgsql; Type: EXTENSION; Schema: -; Owner: 
--

CREATE EXTENSION IF NOT EXISTS plpgsql WITH SCHEMA pg_catalog;


--
-- Name: EXTENSION plpgsql; Type: COMMENT; Schema: -; Owner: 
--

COMMENT ON EXTENSION plpgsql IS 'PL/pgSQL procedural language';


SET search_path = public, pg_catalog;

SET default_tablespace = '';

SET default_with_oids = false;

--
-- Name: field; Type: TABLE; Schema: public; Owner: postgres; Tablespace: 
--

CREATE TABLE field (
    id bigint NOT NULL,
    version bigint NOT NULL,
    code integer NOT NULL,
    context character varying(255) NOT NULL,
    transaction_id bigint NOT NULL,
    begin_index integer,
    end_index integer,
    level integer
);


ALTER TABLE public.field OWNER TO postgres;

--
-- Name: field_field; Type: TABLE; Schema: public; Owner: postgres; Tablespace: 
--

CREATE TABLE field_field (
    field_subfields_id bigint,
    field_id bigint
);


ALTER TABLE public.field_field OWNER TO postgres;

--
-- Name: field_seq; Type: SEQUENCE; Schema: public; Owner: postgres
--

CREATE SEQUENCE field_seq
    START WITH 1
    INCREMENT BY 1
    NO MINVALUE
    NO MAXVALUE
    CACHE 1;


ALTER TABLE public.field_seq OWNER TO postgres;

--
-- Name: filler_return; Type: TABLE; Schema: public; Owner: postgres; Tablespace: 
--

CREATE TABLE filler_return (
    id bigint NOT NULL,
    version bigint NOT NULL,
    condition character varying(255),
    context character varying(255) NOT NULL,
    transaction_service_id bigint NOT NULL,
    index integer,
    value text
);


ALTER TABLE public.filler_return OWNER TO postgres;

--
-- Name: fillerreturn_seq; Type: SEQUENCE; Schema: public; Owner: postgres
--

CREATE SEQUENCE fillerreturn_seq
    START WITH 1
    INCREMENT BY 1
    NO MINVALUE
    NO MAXVALUE
    CACHE 1;


ALTER TABLE public.fillerreturn_seq OWNER TO postgres;

--
-- Name: hibernate_sequence; Type: SEQUENCE; Schema: public; Owner: postgres
--

CREATE SEQUENCE hibernate_sequence
    START WITH 1
    INCREMENT BY 1
    NO MINVALUE
    NO MAXVALUE
    CACHE 1;


ALTER TABLE public.hibernate_sequence OWNER TO postgres;

--
-- Name: input_supply; Type: TABLE; Schema: public; Owner: postgres; Tablespace: 
--

CREATE TABLE input_supply (
    id bigint NOT NULL,
    version bigint NOT NULL,
    expression text NOT NULL,
    index integer NOT NULL,
    supply_id bigint NOT NULL
);


ALTER TABLE public.input_supply OWNER TO postgres;

--
-- Name: inputsupply_seq; Type: SEQUENCE; Schema: public; Owner: postgres
--

CREATE SEQUENCE inputsupply_seq
    START WITH 1
    INCREMENT BY 1
    NO MINVALUE
    NO MAXVALUE
    CACHE 1;


ALTER TABLE public.inputsupply_seq OWNER TO postgres;

--
-- Name: persistence; Type: TABLE; Schema: public; Owner: postgres; Tablespace: 
--

CREATE TABLE persistence (
    id bigint NOT NULL,
    version bigint NOT NULL,
    condition character varying(255),
    name character varying(255) NOT NULL,
    transaction_service_id bigint NOT NULL,
    sql text,
    is_function boolean
);


ALTER TABLE public.persistence OWNER TO postgres;

--
-- Name: persistence_input; Type: TABLE; Schema: public; Owner: postgres; Tablespace: 
--

CREATE TABLE persistence_input (
    input bigint,
    input_idx character varying(255),
    input_elt character varying(255) NOT NULL
);


ALTER TABLE public.persistence_input OWNER TO postgres;

--
-- Name: persistence_seq; Type: SEQUENCE; Schema: public; Owner: postgres
--

CREATE SEQUENCE persistence_seq
    START WITH 1
    INCREMENT BY 1
    NO MINVALUE
    NO MAXVALUE
    CACHE 1;


ALTER TABLE public.persistence_seq OWNER TO postgres;

--
-- Name: rule; Type: TABLE; Schema: public; Owner: postgres; Tablespace: 
--

CREATE TABLE rule (
    id bigint NOT NULL,
    version bigint NOT NULL,
    denial_code integer NOT NULL,
    index integer NOT NULL,
    name character varying(255) NOT NULL,
    transaction_service_id bigint NOT NULL,
    condition text,
    active boolean
);


ALTER TABLE public.rule OWNER TO postgres;

--
-- Name: rule_seq; Type: SEQUENCE; Schema: public; Owner: postgres
--

CREATE SEQUENCE rule_seq
    START WITH 1
    INCREMENT BY 1
    NO MINVALUE
    NO MAXVALUE
    CACHE 1;


ALTER TABLE public.rule_seq OWNER TO postgres;

--
-- Name: service; Type: TABLE; Schema: public; Owner: postgres; Tablespace: 
--

CREATE TABLE service (
    id bigint NOT NULL,
    version bigint NOT NULL,
    condition character varying(255) NOT NULL,
    name character varying(255) NOT NULL,
    spec_id bigint
);


ALTER TABLE public.service OWNER TO postgres;

--
-- Name: service_connection; Type: TABLE; Schema: public; Owner: postgres; Tablespace: 
--

CREATE TABLE service_connection (
    connection bigint,
    connection_idx character varying(255),
    connection_elt character varying(255) NOT NULL
);


ALTER TABLE public.service_connection OWNER TO postgres;

--
-- Name: service_seq; Type: SEQUENCE; Schema: public; Owner: postgres
--

CREATE SEQUENCE service_seq
    START WITH 1
    INCREMENT BY 1
    NO MINVALUE
    NO MAXVALUE
    CACHE 1;


ALTER TABLE public.service_seq OWNER TO postgres;

--
-- Name: spec; Type: TABLE; Schema: public; Owner: postgres; Tablespace: 
--

CREATE TABLE spec (
    id bigint NOT NULL,
    version bigint NOT NULL,
    name character varying(255) NOT NULL,
    spec_version character varying(255)
);


ALTER TABLE public.spec OWNER TO postgres;

--
-- Name: supply_data; Type: TABLE; Schema: public; Owner: postgres; Tablespace: 
--

CREATE TABLE supply_data (
    id bigint NOT NULL,
    version bigint NOT NULL,
    denial_code integer NOT NULL,
    name character varying(255) NOT NULL,
    transaction_service_id bigint NOT NULL,
    sql text,
    is_function boolean,
    index integer
);


ALTER TABLE public.supply_data OWNER TO postgres;

--
-- Name: supply_data_output; Type: TABLE; Schema: public; Owner: postgres; Tablespace: 
--

CREATE TABLE supply_data_output (
    output bigint,
    output_idx character varying(255),
    output_elt character varying(255) NOT NULL
);


ALTER TABLE public.supply_data_output OWNER TO postgres;

--
-- Name: supplydata_seq; Type: SEQUENCE; Schema: public; Owner: postgres
--

CREATE SEQUENCE supplydata_seq
    START WITH 1
    INCREMENT BY 1
    NO MINVALUE
    NO MAXVALUE
    CACHE 1;


ALTER TABLE public.supplydata_seq OWNER TO postgres;

--
-- Name: transaction; Type: TABLE; Schema: public; Owner: postgres; Tablespace: 
--

CREATE TABLE transaction (
    id bigint NOT NULL,
    version bigint NOT NULL,
    mti integer NOT NULL,
    process_code integer NOT NULL,
    spec_id bigint
);


ALTER TABLE public.transaction OWNER TO postgres;

--
-- Name: transaction_seq; Type: SEQUENCE; Schema: public; Owner: postgres
--

CREATE SEQUENCE transaction_seq
    START WITH 1
    INCREMENT BY 1
    NO MINVALUE
    NO MAXVALUE
    CACHE 1;


ALTER TABLE public.transaction_seq OWNER TO postgres;

--
-- Name: transaction_service; Type: TABLE; Schema: public; Owner: postgres; Tablespace: 
--

CREATE TABLE transaction_service (
    id bigint NOT NULL,
    version bigint NOT NULL,
    mti integer NOT NULL,
    name character varying(255) NOT NULL,
    process_code integer NOT NULL,
    service_id bigint NOT NULL
);


ALTER TABLE public.transaction_service OWNER TO postgres;

--
-- Name: transactionservice_seq; Type: SEQUENCE; Schema: public; Owner: postgres
--

CREATE SEQUENCE transactionservice_seq
    START WITH 1
    INCREMENT BY 1
    NO MINVALUE
    NO MAXVALUE
    CACHE 1;


ALTER TABLE public.transactionservice_seq OWNER TO postgres;

--
-- Data for Name: field; Type: TABLE DATA; Schema: public; Owner: postgres
--

COPY field (id, version, code, context, transaction_id, begin_index, end_index, level) FROM stdin;
83	0	39	TRN_CODRESP	17	\N	\N	1
84	0	41	TRN_TERMINAL	17	\N	\N	1
48	4	62	TRN_DADOS	9	\N	\N	1
55	0	42	TRN_ESTABELECIMENTO	9	\N	\N	1
56	0	2	TRN_CARTAO	10	\N	\N	1
17	2	39	RSP_CODE	14	\N	\N	1
85	0	42	TRN_ESTABELECIMENTO	17	\N	\N	1
10	1	42	TRN_ESTABELECIMENTO	13	\N	\N	1
86	0	48	TRN_VERSAO	17	\N	\N	1
6	0	7	TRN_DATAHORA	13	\N	\N	1
7	0	11	TRN_NSUTERM	13	\N	\N	1
8	0	12	TRN_HORA	13	\N	\N	1
9	0	13	TRN_DATA	13	\N	\N	1
18	1	42	TRN_ESTABELECIMENTO	14	\N	\N	1
12	0	70	TRN_SUPERVISAO	13	\N	\N	1
13	0	7	TRN_DATAHORA	14	\N	\N	1
14	0	11	TRN_NSUTERM	14	\N	\N	1
15	0	12	TRN_HORA	14	\N	\N	1
16	0	13	TRN_DATA	14	\N	\N	1
28	0	2	TRN_CARTAO	9	\N	\N	1
20	1	127	RSP_NSU	14	\N	\N	1
19	0	70	TRN_SUPERVISAO	14	\N	\N	1
25	1	42	TRN_ESTABELECIMENTO	15	\N	\N	1
21	0	7	TRN_DATAHORA	15	\N	\N	1
22	0	11	TRN_NSUTERM	15	\N	\N	1
24	0	13	TRN_DATA	15	\N	\N	1
23	1	12	TRN_HORA	15	\N	\N	1
11	3	62	TRN_DADOS	13	\N	\N	1
26	0	70	TRN_SUPERVISAO	15	\N	\N	1
29	0	4	TRN_VALOR	9	\N	\N	1
30	0	7	TRN_DATAHORA	9	\N	\N	1
87	0	49	TRN_MOEDA	17	\N	\N	1
32	0	12	TRN_HORA	9	\N	\N	1
33	0	13	TRN_DATA	9	\N	\N	1
34	0	14	TRN_DATAVENC	9	\N	\N	1
35	0	22	TRN_MODOENTRADA	9	\N	\N	1
57	0	4	TRN_VALOR	10	\N	\N	1
58	0	7	TRN_DATAHORA	10	\N	\N	1
31	1	11	TRN_NSUTERM	9	\N	\N	1
59	0	11	TRN_NSUTERM	10	\N	\N	1
60	0	12	TRN_HORA	10	\N	\N	1
61	0	13	TRN_DATA	10	\N	\N	1
41	0	35	TRN_DATAVENC	9	20	24	2
62	0	39	RSP_CODE	10	\N	\N	1
63	0	41	TRN_TERMINAL	10	\N	\N	1
36	6	35	TRN_TRILHA2	9	\N	\N	1
42	1	35	TRN_CARTAO	9	0	19	2
43	0	41	TRN_TERMINAL	9	\N	\N	1
44	0	48	TRN_VERSAO	9	\N	\N	1
45	0	49	TRN_MOEDA	9	\N	\N	1
46	0	52	TRN_SENHA	9	\N	\N	1
47	0	61	TRN_TIPOTERMINAL	9	\N	\N	1
49	0	63	TRN_INDICACAO	9	\N	\N	1
50	0	104	TRN_TAMSENHA	9	\N	\N	1
88	0	61	TRN_TIPOTERM	17	\N	\N	1
64	0	42	TRN_ESTABELECIMENTO	10	\N	\N	1
65	0	49	TRN_MOEDA	10	\N	\N	1
67	0	127	RSP_NSU	10	\N	\N	1
66	1	62	RSP_TICKET	10	\N	\N	1
68	0	4	TRN_VALOR	16	\N	\N	1
69	0	7	TRN_DATAHORA	16	\N	\N	1
70	0	11	TRN_NSUTERM	16	\N	\N	1
72	0	41	TRN_TERMINAL	16	\N	\N	1
73	0	42	TRN_ESTABELECIMENTO	16	\N	\N	1
74	0	49	TRN_MOEDA	16	\N	\N	1
75	0	127	TRN_NSU	16	\N	\N	1
71	1	39	TRN_CODRESP	16	\N	\N	1
90	0	90	TRN_CODMSGORIG	17	0	4	2
52	0	62	TRN_PLACA	9	12	16	2
95	0	2	TRN_CARTAO	18	\N	\N	1
53	0	62	TRN_QUILOMETRAGEM	9	16	25	2
91	0	90	TRN_NSUORIG	17	4	10	2
96	0	35	TRN_CARTAO	17	0	19	2
51	0	62	TRN_MATRICULA	9	3	12	2
76	0	4	TRN_VALOR	17	\N	\N	1
77	0	7	TRN_DATAHORA	17	\N	\N	1
78	0	11	TRN_NSUTERM	17	\N	\N	1
79	0	2	TRN_CARTAO	17	\N	\N	1
80	0	14	TRN_DATAVENC	17	\N	\N	1
81	0	22	TRN_ENTRADA	17	\N	\N	1
92	0	90	TRN_DATAORIG	17	10	14	2
98	0	4	TRN_VALOR	18	\N	\N	1
93	0	90	TRN_HORAORIG	17	14	20	2
97	0	35	TRN_DATAVENC	17	20	24	2
94	0	90	TRN_FILLER	17	20	42	2
89	5	90	TRN_DADOS	17	\N	\N	1
82	2	35	TRN_TRILHA2	17	\N	\N	1
99	0	7	TRN_DATAHORA	18	\N	\N	1
100	0	11	TRN_NSUTERM	18	\N	\N	1
101	0	12	TRN_HORA	18	\N	\N	1
102	0	13	TRN_DATA	18	\N	\N	1
103	0	39	TRN_CODRESP	18	\N	\N	1
104	0	41	TRN_TERMINAL	18	\N	\N	1
105	0	42	TRN_ESTABELECIMENTO	18	\N	\N	1
106	0	49	TRN_MOEDA	18	\N	\N	1
107	0	90	TRN_DADOS	18	\N	\N	1
108	0	127	RSP_NSU	18	\N	\N	1
109	0	2	TRN_CARTAO	19	\N	\N	1
110	0	4	TRN_VALOR	19	\N	\N	1
111	0	7	TRN_DATAHORA	19	\N	\N	1
112	0	11	TRN_NSUTERM	19	\N	\N	1
113	0	12	TRN_HORA	19	\N	\N	1
114	1	13	TRN_DATA	19	\N	\N	1
115	0	14	TRN_DATAVENC	19	\N	\N	1
116	0	22	TRN_ENTRADA	19	\N	\N	1
118	0	41	TRN_TERMINAL	19	\N	\N	1
119	0	42	TRN_ESTABELECIMENTO	19	\N	\N	1
120	0	48	TRN_VERSAO	19	\N	\N	1
121	0	49	TRN_MOEDA	19	\N	\N	1
122	0	61	TRN_TIPOTERM	19	\N	\N	1
124	0	125	TRN_NSU	19	\N	\N	1
125	0	35	TRN_CARTAO	19	0	19	2
126	0	35	TRN_DATAVENC	19	20	24	2
117	2	35	TRN_TRILHA2	19	\N	\N	1
127	0	90	TRN_CODMSGORIG	19	0	4	2
128	0	90	TRN_NSUORIG	19	4	10	2
129	0	90	TRN_DATAORIG	19	10	14	2
130	0	90	TRN_HORAORIG	19	14	20	2
131	0	90	TRN_FILLER	19	20	42	2
123	5	90	TRN_DADOS	19	\N	\N	1
132	0	2	TRN_CARTAO	20	\N	\N	1
133	0	4	TRN_VALOR	20	\N	\N	1
134	0	7	TRN_DATAHORA	20	\N	\N	1
135	0	11	TRN_NSUTERM	20	\N	\N	1
136	0	12	TRN_HORA	20	\N	\N	1
137	0	13	TRN_DATA	20	\N	\N	1
138	0	39	RSP_CODE	20	\N	\N	1
139	0	41	TRN_TERMINAL	20	\N	\N	1
140	0	42	TRN_ESTABELECIMENTO	20	\N	\N	1
141	0	49	TRN_MOEDA	20	\N	\N	1
142	0	62	TRN_TICKET	20	\N	\N	1
143	0	127	RSP_NSU	20	\N	\N	1
144	0	4	TRN_VALOR	21	\N	\N	1
145	0	7	TRN_DATAHORA	21	\N	\N	1
146	0	11	TRN_NSUTERM	21	\N	\N	1
147	0	39	TRN_CODRESP	21	\N	\N	1
148	0	41	TRN_TERMINAL	21	\N	\N	1
149	0	42	TRN_ESTABELECIMENTO	21	\N	\N	1
150	0	49	TRN_MOEDA	21	\N	\N	1
154	0	41	TRN_TERMINAL	13	\N	\N	1
155	0	41	TRN_TERMINAL	14	\N	\N	1
156	0	41	TRN_TERMINAL	15	\N	\N	1
157	0	4	TRN_VALOR	13	\N	\N	1
158	0	4	TRN_VALOR	14	\N	\N	1
159	0	4	TRN_VALOR	15	\N	\N	1
160	0	39	TRN_CODRESP	15	\N	\N	1
151	1	62	RSP_TICKET	14	\N	\N	1
161	0	4	TRN_VALOR	22	\N	\N	1
162	0	7	TRN_DATAHORA	22	\N	\N	1
163	0	22	TRN_ENTRADA	22	\N	\N	1
164	0	39	TRN_CODRESP	22	\N	\N	1
165	0	41	TRN_TERMINAL	22	\N	\N	1
166	0	42	TRN_ESTABELECIMENTO	22	\N	\N	1
167	0	48	TRN_VERSAO	22	\N	\N	1
168	0	49	TRN_MOEDA	22	\N	\N	1
169	0	61	TRN_TIPOTERM	22	\N	\N	1
171	0	90	TRN_CODMSGORIG	22	0	4	2
172	0	90	TRN_NSUORIG	22	4	10	2
173	0	90	TRN_DATAORIG	22	10	14	2
174	0	90	TRN_HORAORIG	22	14	20	2
170	5	90	TRN_DADOS	22	\N	\N	1
176	0	4	TRN_VALOR	23	\N	\N	1
177	0	7	TRN_DATAHORA	23	\N	\N	1
178	0	11	TRN_NSUTERM	23	\N	\N	1
179	0	12	TRN_HORA	23	\N	\N	1
180	0	13	TRN_DATA	23	\N	\N	1
181	0	39	TRN_CODRESP	23	\N	\N	1
182	0	41	TRN_TERMINAL	23	\N	\N	1
183	0	42	TRN_ESTABELECIMENTO	23	\N	\N	1
184	0	90	TRN_DADOS	23	\N	\N	1
185	0	127	RSP_NSU	23	\N	\N	1
175	1	90	TRN_FILLER	22	20	42	2
186	0	7	TRN_DATAHORA	24	\N	\N	1
187	0	11	TRN_NSUTERM	24	\N	\N	1
188	1	12	TRN_HORA	24	\N	\N	1
189	0	13	TRN_DATA	24	\N	\N	1
190	0	41	TRN_TERMINAL	24	\N	\N	1
191	0	42	TRN_ESTABELECIMENTO	24	\N	\N	1
192	0	7	TRN_DATAHORA	25	\N	\N	1
193	0	11	TRN_NSUTERM	25	\N	\N	1
194	0	12	TRN_HORA	25	\N	\N	1
195	0	13	TRN_DATA	25	\N	\N	1
196	0	39	RSP_CODE	25	\N	\N	1
197	0	41	TRN_TERMINAL	25	\N	\N	1
198	0	42	TRN_ESTABELECIMENTO	25	\N	\N	1
200	0	127	RSP_NSU	25	\N	\N	1
199	1	62	RSP_TICKET	25	\N	\N	1
201	0	2	TRN_CARTAO	26	\N	\N	1
202	0	4	TRN_VALOR	26	\N	\N	1
203	0	7	TRN_DATAHORA	26	\N	\N	1
204	0	11	TRN_NSUTERM	26	\N	\N	1
205	0	14	TRN_DATAVENC	26	\N	\N	1
206	0	22	TRN_ENTRADA	26	\N	\N	1
208	0	35	TRN_CARTAO	26	0	19	2
210	0	39	TRN_CODRESP	26	\N	\N	1
209	0	35	TRN_DATAVENC	26	20	24	2
207	2	35	TRN_TRILHA2	26	\N	\N	1
211	0	41	TRN_TERMINAL	26	\N	\N	1
212	0	42	TRN_ESTABELECIMENTO	26	\N	\N	1
213	0	48	TRN_VERSAO	26	\N	\N	1
214	0	49	TRN_MOEDA	26	\N	\N	1
215	0	61	TRN_TIPOTERM	26	\N	\N	1
218	0	90	TRN_CODMSGORIG	21	0	4	2
221	0	90	TRN_DATAORIG	21	10	14	2
222	0	90	TRN_HORAORIG	21	14	20	2
224	0	90	TRN_NSUHOSTORIG	21	20	26	2
217	8	90	TRN_DADOS	21	\N	\N	1
223	1	90	TRN_FILLER	21	26	42	2
219	1	90	TRN_NSUTERMORIG	21	4	10	2
225	0	90	TRN_CODMSGORIG	26	0	4	2
226	0	90	TRN_NSUORIG	26	4	10	2
227	0	90	TRN_DATAORIG	26	10	14	2
228	0	90	TRN_HORAORIG	26	14	20	2
229	0	90	TRN_FILLER	26	20	42	2
216	5	90	TRN_DADOS	26	\N	\N	1
230	0	2	TRN_CARTAO	27	\N	\N	1
231	0	4	TRN_VALOR	27	\N	\N	1
232	0	7	TRN_DATAHORA	27	\N	\N	1
233	0	11	TRN_NSUTERM	27	\N	\N	1
234	0	12	TRN_HORA	27	\N	\N	1
235	0	13	TRN_DATA	27	\N	\N	1
236	0	39	TRN_CODRESP	27	\N	\N	1
237	0	41	TRN_TERMINAL	27	\N	\N	1
238	0	42	TRN_ESTABELECIMENTO	27	\N	\N	1
239	0	49	TRN_MOEDA	27	\N	\N	1
240	0	90	TRN_DADOS	27	\N	\N	1
241	0	127	RSP_NSU	27	\N	\N	1
242	0	2	TRN_CARTAO	28	\N	\N	1
243	0	4	TRN_VALOR	28	\N	\N	1
244	0	7	TRN_DATAHORA	28	\N	\N	1
245	0	11	TRN_NSUTERM	28	\N	\N	1
246	0	12	TRN_HORA	28	\N	\N	1
247	0	13	TRN_DATA	28	\N	\N	1
248	0	14	TRN_DATAVENC	28	\N	\N	1
249	0	22	TRN_MODOENTRADA	28	\N	\N	1
251	0	35	TRN_CARTAO	28	0	19	2
152	1	62	TRN_CODPROD	13	0	2	2
252	0	35	TRN_DATAVENC	28	20	24	2
250	2	35	TRN_TRILHA2	28	\N	\N	1
253	0	41	TRN_TERMINAL	28	\N	\N	1
254	0	42	TRN_ESTABELECIMENTO	28	\N	\N	1
255	0	48	TRN_VERSAO	28	\N	\N	1
256	0	49	TRN_MOEDA	28	\N	\N	1
257	0	52	TRN_SENHA	28	\N	\N	1
258	0	61	TRN_TIPOTERMINAL	28	\N	\N	1
417	0	2	TRN_CARTAO	40	\N	\N	1
259	2	62	TRN_DADOS	28	\N	\N	1
260	2	62	TRN_EQUIP	28	0	10	2
262	0	63	TRN_INDICACAO	28	\N	\N	1
263	0	104	TRN_TAMSENHA	28	\N	\N	1
264	0	2	TRN_CARTAO	29	\N	\N	1
265	0	4	TRN_VALOR	29	\N	\N	1
266	0	7	TRN_DATAHORA	29	\N	\N	1
267	0	11	TRN_NSUTERM	29	\N	\N	1
268	0	12	TRN_HORA	29	\N	\N	1
269	0	13	TRN_DATA	29	\N	\N	1
270	0	39	RSP_CODE	29	\N	\N	1
271	0	41	TRN_TERMINAL	29	\N	\N	1
272	0	42	TRN_ESTABELECIMENTO	29	\N	\N	1
273	0	49	TRN_MOEDA	29	\N	\N	1
274	0	62	RSP_TICKET	29	\N	\N	1
275	0	127	RSP_NSU	29	\N	\N	1
276	0	4	TRN_VALOR	30	\N	\N	1
277	0	7	TRN_DATAHORA	30	\N	\N	1
278	0	11	TRN_NSUTERM	30	\N	\N	1
279	0	39	TRN_CODRESP	30	\N	\N	1
280	0	41	TRN_TERMINAL	30	\N	\N	1
281	0	42	TRN_ESTABELECIMENTO	30	\N	\N	1
282	0	49	TRN_MOEDA	30	\N	\N	1
283	0	127	TRN_NSU	30	\N	\N	1
287	0	61	TRN_TIPOTERMINAL	33	\N	\N	1
288	0	48	TRN_VERSAO	33	\N	\N	1
289	0	11	TRN_NSUTERM	33	\N	\N	1
290	0	4	TRN_VALOR	33	\N	\N	1
291	0	35	TRN_DATAVENC	33	20	24	2
292	0	35	TRN_CARTAO	33	0	19	2
293	0	62	TRN_PLACA	33	12	16	2
295	0	35	TRN_CARTAO	33	0	19	2
311	0	62	TRN_MATRICULA	33	3	12	2
296	0	35	TRN_DATAVENC	33	20	24	2
294	2	35	TRN_TRILHA2	33	\N	\N	1
297	0	42	TRN_ESTABELECIMENTO	33	\N	\N	1
298	0	62	TRN_CODCOMB	33	25	27	2
418	0	11	TRN_NSUTERM	40	\N	\N	1
419	0	61	TRN_TIPOTERMINAL	40	\N	\N	1
301	0	62	TRN_QUILOMETRAGEM	33	16	25	2
302	0	7	TRN_DATAHORA	33	\N	\N	1
303	0	2	TRN_CARTAO	33	\N	\N	1
304	0	49	TRN_MOEDA	33	\N	\N	1
305	0	13	TRN_DATA	33	\N	\N	1
306	0	14	TRN_DATAVENC	33	\N	\N	1
307	0	41	TRN_TERMINAL	33	\N	\N	1
309	0	62	TRN_PLACA	33	12	16	2
313	0	62	TRN_MATRICULA	33	3	12	2
310	3	62	TRN_CODPROD	33	16	48	2
314	0	12	TRN_HORA	33	\N	\N	1
315	0	22	TRN_MODOENTRADA	33	\N	\N	1
316	0	52	TRN_SENHA	33	\N	\N	1
317	0	39	RSP_CODE	34	\N	\N	1
318	0	12	TRN_HORA	34	\N	\N	1
308	5	62	TRN_DADOS	33	\N	\N	1
319	0	13	TRN_DATA	34	\N	\N	1
320	0	7	TRN_DATAHORA	34	\N	\N	1
321	0	49	TRN_MOEDA	34	\N	\N	1
322	0	11	TRN_NSUTERM	34	\N	\N	1
323	0	4	TRN_VALOR	34	\N	\N	1
324	0	62	RSP_TICKET	34	\N	\N	1
325	0	2	TRN_CARTAO	34	\N	\N	1
326	0	42	TRN_ESTABELECIMENTO	34	\N	\N	1
327	0	41	TRN_TERMINAL	34	\N	\N	1
328	0	127	RSP_NSU	34	\N	\N	1
329	0	42	TRN_ESTABELECIMENTO	35	\N	\N	1
330	0	41	TRN_TERMINAL	35	\N	\N	1
331	0	7	TRN_DATAHORA	35	\N	\N	1
332	0	49	TRN_MOEDA	35	\N	\N	1
333	0	11	TRN_NSUTERM	35	\N	\N	1
334	0	127	TRN_NSU	35	\N	\N	1
335	0	39	TRN_CODRESP	35	\N	\N	1
336	0	4	TRN_VALOR	35	\N	\N	1
337	0	39	TRN_CODRESP	36	\N	\N	1
338	0	41	TRN_TERMINAL	36	\N	\N	1
339	0	61	TRN_TIPOTERM	36	\N	\N	1
340	0	7	TRN_DATAHORA	36	\N	\N	1
342	0	90	TRN_CODMSGORIG	36	0	4	2
421	0	35	TRN_CARTAO	40	0	19	2
343	0	90	TRN_FILLER	36	20	42	2
344	0	90	TRN_HORAORIG	36	14	20	2
422	0	35	TRN_DATAVENC	40	20	24	2
345	0	90	TRN_DATAORIG	36	10	14	2
420	2	35	TRN_TRILHA2	40	\N	\N	1
346	0	90	TRN_NSUORIG	36	4	10	2
341	5	90	TRN_DADOS	36	\N	\N	1
347	0	35	TRN_DATAVENC	36	20	24	2
348	0	49	TRN_MOEDA	36	\N	\N	1
349	0	2	TRN_CARTAO	36	\N	\N	1
350	0	90	TRN_CODMSGORIG	36	0	4	2
351	0	90	TRN_FILLER	36	20	42	2
352	0	90	TRN_HORAORIG	36	14	20	2
353	0	11	TRN_NSUTERM	36	\N	\N	1
354	0	14	TRN_DATAVENC	36	\N	\N	1
355	0	4	TRN_VALOR	36	\N	\N	1
356	0	42	TRN_ESTABELECIMENTO	36	\N	\N	1
358	0	35	TRN_CARTAO	36	0	19	2
423	0	62	TRN_MATRICULA	40	3	12	2
359	0	35	TRN_DATAVENC	36	20	24	2
357	2	35	TRN_TRILHA2	36	\N	\N	1
360	0	90	TRN_DATAORIG	36	10	14	2
361	0	22	TRN_ENTRADA	36	\N	\N	1
362	0	48	TRN_VERSAO	36	\N	\N	1
363	0	35	TRN_CARTAO	36	0	19	2
364	0	90	TRN_NSUORIG	36	4	10	2
365	0	11	TRN_NSUTERM	37	\N	\N	1
366	0	12	TRN_HORA	37	\N	\N	1
367	0	2	TRN_CARTAO	37	\N	\N	1
368	0	41	TRN_TERMINAL	37	\N	\N	1
369	0	39	TRN_CODRESP	37	\N	\N	1
370	0	49	TRN_MOEDA	37	\N	\N	1
371	0	42	TRN_ESTABELECIMENTO	37	\N	\N	1
372	0	7	TRN_DATAHORA	37	\N	\N	1
373	0	13	TRN_DATA	37	\N	\N	1
374	0	127	RSP_NSU	37	\N	\N	1
375	0	90	TRN_DADOS	37	\N	\N	1
376	0	4	TRN_VALOR	37	\N	\N	1
54	2	62	TRN_CODPROD	9	25	27	2
377	0	48	TRN_VERSAO	38	\N	\N	1
378	0	7	TRN_DATAHORA	38	\N	\N	1
379	0	39	TRN_CODRESP	38	\N	\N	1
380	0	90	TRN_HORAORIG	38	14	20	2
381	0	4	TRN_VALOR	38	\N	\N	1
382	0	90	TRN_FILLER	38	20	42	2
383	0	61	TRN_TIPOTERM	38	\N	\N	1
385	0	90	TRN_NSUORIG	38	4	10	2
424	0	49	TRN_MOEDA	40	\N	\N	1
386	0	90	TRN_HORAORIG	38	14	20	2
425	0	52	TRN_SENHA	40	\N	\N	1
387	0	90	TRN_DATAORIG	38	10	14	2
426	0	35	TRN_CARTAO	40	0	19	2
388	0	90	TRN_CODMSGORIG	38	0	4	2
427	0	35	TRN_DATAVENC	40	20	24	2
389	0	90	TRN_FILLER	38	20	42	2
384	5	90	TRN_DADOS	38	\N	\N	1
390	0	35	TRN_DATAVENC	38	20	24	2
392	0	35	TRN_CARTAO	38	0	19	2
428	0	62	TRN_PLACA	40	12	16	2
393	0	35	TRN_DATAVENC	38	20	24	2
391	2	35	TRN_TRILHA2	38	\N	\N	1
394	0	2	TRN_CARTAO	38	\N	\N	1
395	0	90	TRN_NSUORIG	38	4	10	2
396	0	35	TRN_CARTAO	38	0	19	2
397	0	11	TRN_NSUTERM	38	\N	\N	1
398	0	90	TRN_DATAORIG	38	10	14	2
399	0	14	TRN_DATAVENC	38	\N	\N	1
400	0	90	TRN_CODMSGORIG	38	0	4	2
401	0	42	TRN_ESTABELECIMENTO	38	\N	\N	1
402	0	49	TRN_MOEDA	38	\N	\N	1
403	0	41	TRN_TERMINAL	38	\N	\N	1
429	0	14	TRN_DATAVENC	40	\N	\N	1
430	0	4	TRN_VALOR	40	\N	\N	1
431	0	22	TRN_MODOENTRADA	40	\N	\N	1
432	0	62	TRN_QUILOMETRAGEM	40	16	25	2
404	0	22	TRN_ENTRADA	38	\N	\N	1
405	0	39	TRN_CODRESP	39	\N	\N	1
406	0	7	TRN_DATAHORA	39	\N	\N	1
407	0	2	TRN_CARTAO	39	\N	\N	1
408	0	49	TRN_MOEDA	39	\N	\N	1
409	0	4	TRN_VALOR	39	\N	\N	1
410	0	90	TRN_DADOS	39	\N	\N	1
411	0	12	TRN_HORA	39	\N	\N	1
412	0	13	TRN_DATA	39	\N	\N	1
413	0	127	RSP_NSU	39	\N	\N	1
414	0	41	TRN_TERMINAL	39	\N	\N	1
415	0	42	TRN_ESTABELECIMENTO	39	\N	\N	1
416	0	11	TRN_NSUTERM	39	\N	\N	1
261	1	62	TRN_CODPROD	28	10	12	2
433	0	62	TRN_CODPROD	40	25	27	2
434	0	104	TRN_TAMSENHA	40	\N	\N	1
435	0	13	TRN_DATA	40	\N	\N	1
436	0	41	TRN_TERMINAL	40	\N	\N	1
437	0	7	TRN_DATAHORA	40	\N	\N	1
438	0	63	TRN_INDICACAO	40	\N	\N	1
439	0	42	TRN_ESTABELECIMENTO	40	\N	\N	1
440	0	48	TRN_VERSAO	40	\N	\N	1
442	0	62	TRN_PLACA	40	12	16	2
443	0	62	TRN_QUILOMETRAGEM	40	16	25	2
444	0	62	TRN_CODPROD	40	25	27	2
445	0	62	TRN_MATRICULA	40	3	12	2
441	4	62	TRN_DADOS	40	\N	\N	1
446	0	12	TRN_HORA	40	\N	\N	1
447	0	67	TRN_PLANO	40	\N	\N	1
448	0	11	TRN_NSUTERM	41	\N	\N	1
449	0	49	TRN_MOEDA	41	\N	\N	1
450	0	7	TRN_DATAHORA	41	\N	\N	1
451	0	39	RSP_CODE	41	\N	\N	1
452	0	12	TRN_HORA	41	\N	\N	1
453	0	13	TRN_DATA	41	\N	\N	1
454	0	4	TRN_VALOR	41	\N	\N	1
455	0	41	TRN_TERMINAL	41	\N	\N	1
456	0	42	TRN_ESTABELECIMENTO	41	\N	\N	1
457	0	2	TRN_CARTAO	41	\N	\N	1
458	0	62	RSP_TICKET	41	\N	\N	1
459	0	127	RSP_NSU	41	\N	\N	1
460	0	104	TRN_TAMSENHA	42	\N	\N	1
461	0	4	TRN_VALOR	42	\N	\N	1
462	0	63	TRN_INDICACAO	42	\N	\N	1
463	0	35	TRN_DATAVENC	42	20	24	2
464	0	49	TRN_MOEDA	42	\N	\N	1
465	0	11	TRN_NSUTERM	42	\N	\N	1
466	0	42	TRN_ESTABELECIMENTO	42	\N	\N	1
467	0	62	TRN_DADOS	42	\N	\N	1
468	0	62	TRN_MATRICULA	42	3	12	2
469	0	62	TRN_QUILOMETRAGEM	42	16	25	2
470	0	62	TRN_PLACA	42	12	16	2
471	0	62	TRN_CODPROD	42	25	27	2
472	0	62	TRN_MATRICULA	42	3	12	2
473	0	35	TRN_DATAVENC	42	20	24	2
474	0	52	TRN_SENHA	42	\N	\N	1
475	0	62	TRN_PLACA	42	12	16	2
476	0	7	TRN_DATAHORA	42	\N	\N	1
477	0	13	TRN_DATA	42	\N	\N	1
478	0	48	TRN_VERSAO	42	\N	\N	1
479	0	62	TRN_QUILOMETRAGEM	42	16	25	2
480	0	67	TRN_PLANO	42	\N	\N	1
481	0	12	TRN_HORA	42	\N	\N	1
482	0	41	TRN_TERMINAL	42	\N	\N	1
483	0	62	TRN_QUILOMETRAGEM	42	16	25	2
484	0	2	TRN_CARTAO	42	\N	\N	1
485	0	14	TRN_DATAVENC	42	\N	\N	1
486	0	35	TRN_TRILHA2	42	\N	\N	1
487	0	35	TRN_DATAVENC	42	20	24	2
488	0	35	TRN_CARTAO	42	0	19	2
489	0	22	TRN_MODOENTRADA	42	\N	\N	1
490	0	61	TRN_TIPOTERMINAL	42	\N	\N	1
491	0	62	TRN_PLACA	42	12	16	2
492	0	35	TRN_CARTAO	42	0	19	2
493	0	62	TRN_CODPROD	42	25	27	2
494	0	62	TRN_MATRICULA	42	3	12	2
495	0	35	TRN_CARTAO	42	0	19	2
496	0	62	TRN_CODPROD	42	25	27	2
497	0	41	TRN_TERMINAL	43	\N	\N	1
498	0	62	TRN_CODPROD	43	0	2	2
499	0	42	TRN_ESTABELECIMENTO	43	\N	\N	1
500	0	11	TRN_NSUTERM	43	\N	\N	1
501	0	4	TRN_VALOR	43	\N	\N	1
502	0	62	TRN_DADOS	43	\N	\N	1
503	0	62	TRN_CODPROD	43	0	2	2
504	0	13	TRN_DATA	43	\N	\N	1
505	0	70	TRN_SUPERVISAO	43	\N	\N	1
506	0	12	TRN_HORA	43	\N	\N	1
507	0	7	TRN_DATAHORA	43	\N	\N	1
508	0	62	TRN_PLACA	44	12	16	2
509	0	12	TRN_HORA	44	\N	\N	1
510	0	13	TRN_DATA	44	\N	\N	1
511	0	62	TRN_CODPROD	44	16	48	2
512	0	62	TRN_QUILOMETRAGEM	44	16	25	2
513	0	62	TRN_MATRICULA	44	3	12	2
514	0	35	TRN_DATAVENC	44	20	24	2
515	0	61	TRN_TIPOTERMINAL	44	\N	\N	1
516	0	35	TRN_CARTAO	44	0	19	2
517	0	7	TRN_DATAHORA	44	\N	\N	1
518	0	35	TRN_CARTAO	44	0	19	2
519	0	52	TRN_SENHA	44	\N	\N	1
520	0	11	TRN_NSUTERM	44	\N	\N	1
521	0	22	TRN_MODOENTRADA	44	\N	\N	1
522	0	41	TRN_TERMINAL	44	\N	\N	1
523	0	62	TRN_DADOS	44	\N	\N	1
524	0	62	TRN_PLACA	44	12	16	2
525	0	62	TRN_CODPROD	44	16	48	2
526	0	62	TRN_MATRICULA	44	3	12	2
527	0	4	TRN_VALOR	44	\N	\N	1
528	0	62	TRN_PLACA	44	12	16	2
529	0	2	TRN_CARTAO	44	\N	\N	1
530	0	62	TRN_MATRICULA	44	3	12	2
531	0	35	TRN_DATAVENC	44	20	24	2
532	0	35	TRN_TRILHA2	44	\N	\N	1
533	0	35	TRN_DATAVENC	44	20	24	2
534	0	35	TRN_CARTAO	44	0	19	2
535	0	48	TRN_VERSAO	44	\N	\N	1
536	0	42	TRN_ESTABELECIMENTO	44	\N	\N	1
537	0	14	TRN_DATAVENC	44	\N	\N	1
538	0	62	TRN_CODCOMB	44	25	27	2
539	0	49	TRN_MOEDA	44	\N	\N	1
540	0	11	TRN_NSUTERM	45	\N	\N	1
541	0	42	TRN_ESTABELECIMENTO	45	\N	\N	1
542	0	127	TRN_NSU	45	\N	\N	1
543	0	7	TRN_DATAHORA	45	\N	\N	1
544	0	4	TRN_VALOR	45	\N	\N	1
545	0	41	TRN_TERMINAL	45	\N	\N	1
546	0	39	TRN_CODRESP	45	\N	\N	1
547	0	49	TRN_MOEDA	45	\N	\N	1
548	0	7	TRN_DATAHORA	46	\N	\N	1
549	0	49	TRN_MOEDA	46	\N	\N	1
550	0	11	TRN_NSUTERM	46	\N	\N	1
551	0	4	TRN_VALOR	46	\N	\N	1
552	0	12	TRN_HORA	46	\N	\N	1
553	0	127	RSP_NSU	46	\N	\N	1
554	0	90	TRN_DADOS	46	\N	\N	1
555	0	41	TRN_TERMINAL	46	\N	\N	1
556	0	42	TRN_ESTABELECIMENTO	46	\N	\N	1
557	0	39	TRN_CODRESP	46	\N	\N	1
558	0	13	TRN_DATA	46	\N	\N	1
559	0	2	TRN_CARTAO	46	\N	\N	1
560	0	49	TRN_MOEDA	47	\N	\N	1
561	0	13	TRN_DATA	47	\N	\N	1
562	0	12	TRN_HORA	47	\N	\N	1
563	0	62	TRN_TICKET	47	\N	\N	1
564	0	127	RSP_NSU	47	\N	\N	1
565	0	42	TRN_ESTABELECIMENTO	47	\N	\N	1
566	0	2	TRN_CARTAO	47	\N	\N	1
567	0	39	RSP_CODE	47	\N	\N	1
568	0	7	TRN_DATAHORA	47	\N	\N	1
569	0	41	TRN_TERMINAL	47	\N	\N	1
570	0	11	TRN_NSUTERM	47	\N	\N	1
571	0	4	TRN_VALOR	47	\N	\N	1
572	0	49	TRN_MOEDA	48	\N	\N	1
573	0	90	TRN_DATAORIG	48	10	14	2
574	0	4	TRN_VALOR	48	\N	\N	1
575	0	90	TRN_FILLER	48	20	42	2
576	0	90	TRN_CODMSGORIG	48	0	4	2
577	0	90	TRN_HORAORIG	48	14	20	2
578	0	39	TRN_CODRESP	48	\N	\N	1
579	0	7	TRN_DATAHORA	48	\N	\N	1
580	0	48	TRN_VERSAO	48	\N	\N	1
581	0	90	TRN_NSUORIG	48	4	10	2
582	0	61	TRN_TIPOTERM	48	\N	\N	1
583	0	42	TRN_ESTABELECIMENTO	48	\N	\N	1
584	0	22	TRN_ENTRADA	48	\N	\N	1
585	0	41	TRN_TERMINAL	48	\N	\N	1
586	0	90	TRN_DADOS	48	\N	\N	1
587	0	90	TRN_CODMSGORIG	48	0	4	2
588	0	90	TRN_NSUORIG	48	4	10	2
589	0	90	TRN_FILLER	48	20	42	2
590	0	90	TRN_DATAORIG	48	10	14	2
591	0	90	TRN_HORAORIG	48	14	20	2
592	0	41	TRN_TERMINAL	49	\N	\N	1
593	0	42	TRN_ESTABELECIMENTO	49	\N	\N	1
594	0	11	TRN_NSUTERM	49	\N	\N	1
595	0	12	TRN_HORA	49	\N	\N	1
596	0	7	TRN_DATAHORA	49	\N	\N	1
597	0	13	TRN_DATA	49	\N	\N	1
598	0	39	TRN_CODRESP	50	\N	\N	1
599	0	2	TRN_CARTAO	50	\N	\N	1
600	0	13	TRN_DATA	50	\N	\N	1
601	0	90	TRN_DADOS	50	\N	\N	1
602	0	127	RSP_NSU	50	\N	\N	1
603	0	42	TRN_ESTABELECIMENTO	50	\N	\N	1
604	0	41	TRN_TERMINAL	50	\N	\N	1
605	0	4	TRN_VALOR	50	\N	\N	1
606	0	12	TRN_HORA	50	\N	\N	1
607	0	7	TRN_DATAHORA	50	\N	\N	1
608	0	11	TRN_NSUTERM	50	\N	\N	1
609	0	49	TRN_MOEDA	50	\N	\N	1
610	0	11	TRN_NSUTERM	51	\N	\N	1
611	0	12	TRN_HORA	51	\N	\N	1
612	0	39	TRN_CODRESP	51	\N	\N	1
613	0	2	TRN_CARTAO	51	\N	\N	1
614	0	13	TRN_DATA	51	\N	\N	1
615	0	4	TRN_VALOR	51	\N	\N	1
616	0	41	TRN_TERMINAL	51	\N	\N	1
617	0	7	TRN_DATAHORA	51	\N	\N	1
618	0	42	TRN_ESTABELECIMENTO	51	\N	\N	1
619	0	49	TRN_MOEDA	51	\N	\N	1
620	0	90	TRN_DADOS	51	\N	\N	1
621	0	127	RSP_NSU	51	\N	\N	1
622	0	62	TRN_QUILOMETRAGEM	52	16	25	2
623	0	35	TRN_TRILHA2	52	\N	\N	1
624	0	35	TRN_DATAVENC	52	20	24	2
625	0	35	TRN_CARTAO	52	0	19	2
626	0	62	TRN_MATRICULA	52	3	12	2
627	0	7	TRN_DATAHORA	52	\N	\N	1
628	0	49	TRN_MOEDA	52	\N	\N	1
629	0	13	TRN_DATA	52	\N	\N	1
630	0	14	TRN_DATAVENC	52	\N	\N	1
631	0	62	TRN_CODPROD	52	25	27	2
632	0	41	TRN_TERMINAL	52	\N	\N	1
633	0	48	TRN_VERSAO	52	\N	\N	1
634	0	104	TRN_TAMSENHA	52	\N	\N	1
635	0	52	TRN_SENHA	52	\N	\N	1
636	0	22	TRN_MODOENTRADA	52	\N	\N	1
637	0	35	TRN_CARTAO	52	0	19	2
638	0	35	TRN_DATAVENC	52	20	24	2
639	0	62	TRN_DADOS	52	\N	\N	1
640	0	62	TRN_MATRICULA	52	3	12	2
644	0	61	TRN_TIPOTERMINAL	52	\N	\N	1
645	0	4	TRN_VALOR	52	\N	\N	1
646	0	2	TRN_CARTAO	52	\N	\N	1
647	0	62	TRN_PLACA	52	12	16	2
648	0	12	TRN_HORA	52	\N	\N	1
649	0	63	TRN_INDICACAO	52	\N	\N	1
650	0	42	TRN_ESTABELECIMENTO	52	\N	\N	1
651	0	11	TRN_NSUTERM	52	\N	\N	1
652	0	7	TRN_DATAHORA	53	\N	\N	1
653	0	11	TRN_NSUTERM	53	\N	\N	1
654	0	12	TRN_HORA	53	\N	\N	1
655	0	2	TRN_CARTAO	53	\N	\N	1
656	0	62	RSP_TICKET	53	\N	\N	1
657	0	13	TRN_DATA	53	\N	\N	1
658	0	127	RSP_NSU	53	\N	\N	1
659	0	42	TRN_ESTABELECIMENTO	53	\N	\N	1
660	0	41	TRN_TERMINAL	53	\N	\N	1
661	0	39	RSP_CODE	53	\N	\N	1
662	0	4	TRN_VALOR	53	\N	\N	1
663	0	49	TRN_MOEDA	53	\N	\N	1
664	0	14	TRN_DATAVENC	54	\N	\N	1
665	0	35	TRN_TRILHA2	54	\N	\N	1
666	0	35	TRN_DATAVENC	54	20	24	2
667	0	35	TRN_CARTAO	54	0	19	2
668	0	61	TRN_TIPOTERM	54	\N	\N	1
669	0	90	TRN_NSUORIG	54	4	10	2
670	0	90	TRN_DADOS	54	\N	\N	1
671	0	90	TRN_NSUORIG	54	4	10	2
672	0	90	TRN_CODMSGORIG	54	0	4	2
673	0	90	TRN_HORAORIG	54	14	20	2
674	0	90	TRN_FILLER	54	20	42	2
675	0	90	TRN_DATAORIG	54	10	14	2
676	0	90	TRN_FILLER	54	20	42	2
677	0	4	TRN_VALOR	54	\N	\N	1
678	0	48	TRN_VERSAO	54	\N	\N	1
679	0	22	TRN_ENTRADA	54	\N	\N	1
680	0	90	TRN_HORAORIG	54	14	20	2
681	0	7	TRN_DATAHORA	54	\N	\N	1
682	0	35	TRN_DATAVENC	54	20	24	2
683	0	11	TRN_NSUTERM	54	\N	\N	1
684	0	42	TRN_ESTABELECIMENTO	54	\N	\N	1
685	0	90	TRN_CODMSGORIG	54	0	4	2
686	0	49	TRN_MOEDA	54	\N	\N	1
687	0	90	TRN_DATAORIG	54	10	14	2
688	0	35	TRN_CARTAO	54	0	19	2
689	0	41	TRN_TERMINAL	54	\N	\N	1
690	0	2	TRN_CARTAO	54	\N	\N	1
691	0	39	TRN_CODRESP	54	\N	\N	1
692	0	90	TRN_DATAORIG	55	10	14	2
693	0	90	TRN_CODMSGORIG	55	0	4	2
694	0	22	TRN_ENTRADA	55	\N	\N	1
695	0	90	TRN_DADOS	55	\N	\N	1
696	0	90	TRN_DATAORIG	55	10	14	2
697	0	90	TRN_NSUORIG	55	4	10	2
698	0	90	TRN_CODMSGORIG	55	0	4	2
699	0	90	TRN_HORAORIG	55	14	20	2
700	0	90	TRN_FILLER	55	20	42	2
701	0	35	TRN_CARTAO	55	0	19	2
702	0	2	TRN_CARTAO	55	\N	\N	1
703	0	49	TRN_MOEDA	55	\N	\N	1
704	0	90	TRN_FILLER	55	20	42	2
705	0	35	TRN_DATAVENC	55	20	24	2
706	0	61	TRN_TIPOTERM	55	\N	\N	1
707	0	35	TRN_TRILHA2	55	\N	\N	1
708	0	35	TRN_CARTAO	55	0	19	2
709	0	35	TRN_DATAVENC	55	20	24	2
710	0	14	TRN_DATAVENC	55	\N	\N	1
711	0	48	TRN_VERSAO	55	\N	\N	1
712	0	41	TRN_TERMINAL	55	\N	\N	1
713	0	13	TRN_DATA	55	\N	\N	1
714	0	90	TRN_NSUORIG	55	4	10	2
715	0	125	TRN_NSU	55	\N	\N	1
716	0	11	TRN_NSUTERM	55	\N	\N	1
717	0	42	TRN_ESTABELECIMENTO	55	\N	\N	1
718	0	12	TRN_HORA	55	\N	\N	1
642	1	62	TRN_QUILOMETRAGEM	52	19	28	2
643	2	62	TRN_CODPROD	52	28	30	2
719	0	7	TRN_DATAHORA	55	\N	\N	1
720	0	4	TRN_VALOR	55	\N	\N	1
721	0	90	TRN_HORAORIG	55	14	20	2
722	0	7	TRN_DATAHORA	56	\N	\N	1
723	0	39	TRN_CODRESP	56	\N	\N	1
724	0	11	TRN_NSUTERM	56	\N	\N	1
725	0	42	TRN_ESTABELECIMENTO	56	\N	\N	1
726	0	49	TRN_MOEDA	56	\N	\N	1
727	0	4	TRN_VALOR	56	\N	\N	1
728	0	41	TRN_TERMINAL	56	\N	\N	1
729	0	127	TRN_NSU	56	\N	\N	1
730	0	35	TRN_TRILHA2	57	\N	\N	1
731	0	35	TRN_DATAVENC	57	20	24	2
732	0	35	TRN_CARTAO	57	0	19	2
733	0	7	TRN_DATAHORA	57	\N	\N	1
734	0	35	TRN_CARTAO	57	0	19	2
735	0	41	TRN_TERMINAL	57	\N	\N	1
736	0	39	TRN_CODRESP	57	\N	\N	1
737	0	90	TRN_HORAORIG	57	14	20	2
738	0	90	TRN_DATAORIG	57	10	14	2
739	0	48	TRN_VERSAO	57	\N	\N	1
740	0	35	TRN_DATAVENC	57	20	24	2
741	0	11	TRN_NSUTERM	57	\N	\N	1
742	0	90	TRN_DATAORIG	57	10	14	2
743	0	90	TRN_HORAORIG	57	14	20	2
744	0	90	TRN_FILLER	57	20	42	2
745	0	90	TRN_CODMSGORIG	57	0	4	2
746	0	42	TRN_ESTABELECIMENTO	57	\N	\N	1
747	0	49	TRN_MOEDA	57	\N	\N	1
748	0	35	TRN_DATAVENC	57	20	24	2
749	0	4	TRN_VALOR	57	\N	\N	1
750	0	2	TRN_CARTAO	57	\N	\N	1
751	0	22	TRN_ENTRADA	57	\N	\N	1
752	0	90	TRN_NSUORIG	57	4	10	2
753	0	90	TRN_CODMSGORIG	57	0	4	2
754	0	61	TRN_TIPOTERM	57	\N	\N	1
755	0	90	TRN_NSUORIG	57	4	10	2
756	0	14	TRN_DATAVENC	57	\N	\N	1
757	0	35	TRN_CARTAO	57	0	19	2
758	0	90	TRN_FILLER	57	20	42	2
759	0	90	TRN_DADOS	57	\N	\N	1
760	0	90	TRN_DATAORIG	57	10	14	2
761	0	90	TRN_FILLER	57	20	42	2
762	0	90	TRN_NSUORIG	57	4	10	2
763	0	90	TRN_HORAORIG	57	14	20	2
764	0	90	TRN_CODMSGORIG	57	0	4	2
765	0	7	TRN_DATAHORA	58	\N	\N	1
766	0	127	RSP_NSU	58	\N	\N	1
767	0	11	TRN_NSUTERM	58	\N	\N	1
768	0	42	TRN_ESTABELECIMENTO	58	\N	\N	1
769	0	39	RSP_CODE	58	\N	\N	1
770	0	13	TRN_DATA	58	\N	\N	1
771	0	70	TRN_SUPERVISAO	58	\N	\N	1
772	0	62	RSP_TICKET	58	\N	\N	1
773	0	41	TRN_TERMINAL	58	\N	\N	1
774	0	4	TRN_VALOR	58	\N	\N	1
775	0	12	TRN_HORA	58	\N	\N	1
776	0	41	TRN_TERMINAL	59	\N	\N	1
777	0	4	TRN_VALOR	59	\N	\N	1
778	0	7	TRN_DATAHORA	59	\N	\N	1
779	0	39	TRN_CODRESP	59	\N	\N	1
780	0	11	TRN_NSUTERM	59	\N	\N	1
781	0	49	TRN_MOEDA	59	\N	\N	1
782	0	127	TRN_NSU	59	\N	\N	1
783	0	42	TRN_ESTABELECIMENTO	59	\N	\N	1
784	0	12	TRN_HORA	60	\N	\N	1
785	0	42	TRN_ESTABELECIMENTO	60	\N	\N	1
786	0	61	TRN_TIPOTERMINAL	60	\N	\N	1
787	0	11	TRN_NSUTERM	60	\N	\N	1
788	0	48	TRN_VERSAO	60	\N	\N	1
789	0	63	TRN_INDICACAO	60	\N	\N	1
790	0	13	TRN_DATA	60	\N	\N	1
791	0	35	TRN_CARTAO	60	0	19	2
792	0	22	TRN_MODOENTRADA	60	\N	\N	1
793	0	52	TRN_SENHA	60	\N	\N	1
794	0	7	TRN_DATAHORA	60	\N	\N	1
795	0	62	TRN_CODPROD	60	10	12	2
796	0	2	TRN_CARTAO	60	\N	\N	1
797	0	35	TRN_DATAVENC	60	20	24	2
798	0	104	TRN_TAMSENHA	60	\N	\N	1
799	0	49	TRN_MOEDA	60	\N	\N	1
800	0	14	TRN_DATAVENC	60	\N	\N	1
801	0	4	TRN_VALOR	60	\N	\N	1
802	0	62	TRN_EQUIP	60	0	10	2
803	0	62	TRN_DADOS	60	\N	\N	1
804	0	62	TRN_CODPROD	60	10	12	2
805	0	62	TRN_EQUIP	60	0	10	2
806	0	41	TRN_TERMINAL	60	\N	\N	1
807	0	35	TRN_TRILHA2	60	\N	\N	1
808	0	35	TRN_DATAVENC	60	20	24	2
809	0	35	TRN_CARTAO	60	0	19	2
810	0	12	TRN_HORA	61	\N	\N	1
811	0	7	TRN_DATAHORA	61	\N	\N	1
812	0	90	TRN_DADOS	61	\N	\N	1
813	0	39	TRN_CODRESP	61	\N	\N	1
814	0	2	TRN_CARTAO	61	\N	\N	1
815	0	13	TRN_DATA	61	\N	\N	1
816	0	4	TRN_VALOR	61	\N	\N	1
817	0	49	TRN_MOEDA	61	\N	\N	1
818	0	127	RSP_NSU	61	\N	\N	1
819	0	42	TRN_ESTABELECIMENTO	61	\N	\N	1
820	0	41	TRN_TERMINAL	61	\N	\N	1
821	0	11	TRN_NSUTERM	61	\N	\N	1
822	0	90	TRN_DADOS	62	\N	\N	1
823	0	90	TRN_FILLER	62	20	42	2
824	0	90	TRN_HORAORIG	62	14	20	2
825	0	90	TRN_NSUORIG	62	4	10	2
826	0	90	TRN_DATAORIG	62	10	14	2
827	0	90	TRN_CODMSGORIG	62	0	4	2
828	0	61	TRN_TIPOTERM	62	\N	\N	1
829	0	49	TRN_MOEDA	62	\N	\N	1
830	0	90	TRN_DATAORIG	62	10	14	2
831	0	41	TRN_TERMINAL	62	\N	\N	1
832	0	42	TRN_ESTABELECIMENTO	62	\N	\N	1
833	0	11	TRN_NSUTERM	62	\N	\N	1
834	0	90	TRN_FILLER	62	20	42	2
835	0	90	TRN_NSUORIG	62	4	10	2
836	0	7	TRN_DATAHORA	62	\N	\N	1
837	0	35	TRN_TRILHA2	62	\N	\N	1
838	0	35	TRN_DATAVENC	62	20	24	2
839	0	35	TRN_CARTAO	62	0	19	2
840	0	90	TRN_HORAORIG	62	14	20	2
841	0	14	TRN_DATAVENC	62	\N	\N	1
842	0	35	TRN_CARTAO	62	0	19	2
843	0	2	TRN_CARTAO	62	\N	\N	1
844	0	48	TRN_VERSAO	62	\N	\N	1
845	0	22	TRN_ENTRADA	62	\N	\N	1
846	0	4	TRN_VALOR	62	\N	\N	1
847	0	35	TRN_DATAVENC	62	20	24	2
848	0	90	TRN_CODMSGORIG	62	0	4	2
849	0	39	TRN_CODRESP	62	\N	\N	1
850	0	7	TRN_DATAHORA	63	\N	\N	1
851	0	2	TRN_CARTAO	63	\N	\N	1
852	0	12	TRN_HORA	63	\N	\N	1
853	0	41	TRN_TERMINAL	63	\N	\N	1
854	0	62	RSP_TICKET	63	\N	\N	1
855	0	11	TRN_NSUTERM	63	\N	\N	1
856	0	127	RSP_NSU	63	\N	\N	1
857	0	42	TRN_ESTABELECIMENTO	63	\N	\N	1
858	0	39	RSP_CODE	63	\N	\N	1
859	0	49	TRN_MOEDA	63	\N	\N	1
860	0	4	TRN_VALOR	63	\N	\N	1
861	0	13	TRN_DATA	63	\N	\N	1
862	0	13	TRN_DATA	64	\N	\N	1
863	0	4	TRN_VALOR	64	\N	\N	1
864	0	41	TRN_TERMINAL	64	\N	\N	1
865	0	90	TRN_DADOS	64	\N	\N	1
866	0	42	TRN_ESTABELECIMENTO	64	\N	\N	1
867	0	127	RSP_NSU	64	\N	\N	1
868	0	11	TRN_NSUTERM	64	\N	\N	1
869	0	12	TRN_HORA	64	\N	\N	1
870	0	39	TRN_CODRESP	64	\N	\N	1
871	0	7	TRN_DATAHORA	64	\N	\N	1
872	0	62	RSP_TICKET	65	\N	\N	1
873	0	11	TRN_NSUTERM	65	\N	\N	1
874	0	41	TRN_TERMINAL	65	\N	\N	1
875	0	42	TRN_ESTABELECIMENTO	65	\N	\N	1
876	0	39	RSP_CODE	65	\N	\N	1
877	0	7	TRN_DATAHORA	65	\N	\N	1
878	0	127	RSP_NSU	65	\N	\N	1
879	0	13	TRN_DATA	65	\N	\N	1
880	0	12	TRN_HORA	65	\N	\N	1
881	0	7	TRN_DATAHORA	66	\N	\N	1
882	0	12	TRN_HORA	66	\N	\N	1
883	0	4	TRN_VALOR	66	\N	\N	1
884	0	13	TRN_DATA	66	\N	\N	1
885	0	41	TRN_TERMINAL	66	\N	\N	1
886	0	39	TRN_CODRESP	66	\N	\N	1
887	0	42	TRN_ESTABELECIMENTO	66	\N	\N	1
888	0	11	TRN_NSUTERM	66	\N	\N	1
889	0	70	TRN_SUPERVISAO	66	\N	\N	1
890	0	42	TRN_ESTABELECIMENTO	67	\N	\N	1
891	0	35	TRN_CARTAO	67	0	19	2
892	0	41	TRN_TERMINAL	67	\N	\N	1
893	0	14	TRN_DATAVENC	67	\N	\N	1
894	0	7	TRN_DATAHORA	67	\N	\N	1
895	0	22	TRN_ENTRADA	67	\N	\N	1
896	0	4	TRN_VALOR	67	\N	\N	1
897	0	90	TRN_CODMSGORIG	67	0	4	2
898	0	90	TRN_FILLER	67	20	42	2
899	0	90	TRN_NSUORIG	67	4	10	2
900	0	61	TRN_TIPOTERM	67	\N	\N	1
901	0	90	TRN_HORAORIG	67	14	20	2
902	0	90	TRN_NSUORIG	67	4	10	2
903	0	90	TRN_DATAORIG	67	10	14	2
904	0	90	TRN_DATAORIG	67	10	14	2
905	0	48	TRN_VERSAO	67	\N	\N	1
906	0	35	TRN_DATAVENC	67	20	24	2
907	0	35	TRN_TRILHA2	67	\N	\N	1
908	0	35	TRN_CARTAO	67	0	19	2
909	0	35	TRN_DATAVENC	67	20	24	2
910	0	39	TRN_CODRESP	67	\N	\N	1
911	0	2	TRN_CARTAO	67	\N	\N	1
912	0	90	TRN_FILLER	67	20	42	2
913	0	49	TRN_MOEDA	67	\N	\N	1
914	0	90	TRN_HORAORIG	67	14	20	2
915	0	90	TRN_DADOS	67	\N	\N	1
916	0	90	TRN_CODMSGORIG	67	0	4	2
917	0	90	TRN_DATAORIG	67	10	14	2
918	0	90	TRN_HORAORIG	67	14	20	2
919	0	90	TRN_NSUORIG	67	4	10	2
920	0	90	TRN_FILLER	67	20	42	2
921	0	90	TRN_CODMSGORIG	67	0	4	2
922	0	11	TRN_NSUTERM	67	\N	\N	1
923	0	35	TRN_DATAVENC	67	20	24	2
924	0	35	TRN_CARTAO	67	0	19	2
925	0	90	TRN_CODMSGORIG	68	0	4	2
926	0	11	TRN_NSUTERM	68	\N	\N	1
927	0	7	TRN_DATAHORA	68	\N	\N	1
928	0	90	TRN_NSUHOSTORIG	68	20	26	2
929	0	49	TRN_MOEDA	68	\N	\N	1
930	0	90	TRN_NSUTERMORIG	68	4	10	2
931	0	90	TRN_DADOS	68	\N	\N	1
932	0	90	TRN_CODMSGORIG	68	0	4	2
933	0	90	TRN_HORAORIG	68	14	20	2
934	0	90	TRN_NSUHOSTORIG	68	20	26	2
935	0	90	TRN_FILLER	68	26	42	2
936	0	90	TRN_NSUTERMORIG	68	4	10	2
937	0	90	TRN_DATAORIG	68	10	14	2
938	0	90	TRN_DATAORIG	68	10	14	2
939	0	42	TRN_ESTABELECIMENTO	68	\N	\N	1
940	0	41	TRN_TERMINAL	68	\N	\N	1
941	0	4	TRN_VALOR	68	\N	\N	1
942	0	90	TRN_FILLER	68	26	42	2
943	0	90	TRN_HORAORIG	68	14	20	2
944	0	39	TRN_CODRESP	68	\N	\N	1
641	1	62	TRN_PLACA	52	12	19	2
945	0	48	TRN_VERSAO	45	\N	\N	1
946	0	48	TRN_VERSAO	13	\N	\N	1
947	0	48	TRN_VERSAO	43	\N	\N	1
948	0	48	TRN_VERSAO	15	\N	\N	1
949	0	48	TRN_VERSAO	66	\N	\N	1
950	0	48	TRN_VERSAO	24	\N	\N	1
951	0	48	TRN_VERSAO	49	\N	\N	1
\.


--
-- Data for Name: field_field; Type: TABLE DATA; Schema: public; Owner: postgres
--

COPY field_field (field_subfields_id, field_id) FROM stdin;
36	41
36	42
48	51
48	52
48	53
48	54
89	90
89	91
89	92
89	93
89	94
82	96
82	97
117	125
117	126
123	127
123	128
123	129
123	130
123	131
11	152
170	171
170	172
170	173
170	174
170	175
207	208
207	209
217	218
217	219
217	221
217	222
217	223
217	224
216	225
216	226
216	227
216	228
216	229
250	251
250	252
259	260
259	261
294	295
294	296
308	309
308	310
308	311
420	421
341	342
341	343
341	344
341	345
341	346
357	358
357	359
384	385
384	386
384	387
384	388
384	389
391	392
391	393
420	422
441	442
441	443
441	444
441	445
467	468
467	469
467	470
467	471
486	487
486	488
502	503
523	524
523	525
523	526
532	533
532	534
586	587
586	588
586	589
586	590
586	591
623	624
623	625
639	640
639	641
639	642
639	643
665	666
665	667
670	671
670	672
670	673
670	674
670	675
695	696
695	697
695	698
695	699
695	700
707	708
707	709
730	731
730	732
759	760
759	761
759	762
759	763
759	764
803	804
803	805
807	808
807	809
822	823
822	824
822	825
822	826
822	827
837	838
837	839
907	908
907	909
915	916
915	917
915	918
915	919
915	920
931	932
931	933
931	934
931	935
931	936
931	937
\.


--
-- Name: field_seq; Type: SEQUENCE SET; Schema: public; Owner: postgres
--

SELECT pg_catalog.setval('field_seq', 951, true);


--
-- Data for Name: filler_return; Type: TABLE DATA; Schema: public; Owner: postgres
--

COPY filler_return (id, version, condition, context, transaction_service_id, index, value) FROM stdin;
102	0	\N	RSP_MTI	24	1	210
14	3	\N	TRN_VALREAL	7	2	Double.parseDouble(ctx.get('TRN_VALOR'))/100.0
17	0	\N	TRN_AUTORIZADA	7	6	ctx.getResponseCode()=='00'
21	0	\N	TRN_KMATUAL	7	10	Long.parseLong(ctx.get('TRN_QUILOMETRAGEM'))
6	0	\N	RSP_MTI	8	1	810
11	0	\N	RSP_MTI	7	1	210
15	2	ctx.getResponseCode()=='00'	CNT_NOVOSALDO	7	3	BigDecimal.valueOf((Double)ctx.get("CNT_SALDO")).subtract(BigDecimal.valueOf(Double.parseDouble(ctx.get("TRN_VALOR").toString())/100.0)).doubleValue()
104	2	ctx.getResponseCode()==0	STATUS_TRN	24	2	1
28	3	\N	TRN_NSUTERM_INT	7	12	Integer.parseInt(ctx.get('TRN_NSUTERM'))
33	8	\N	TRN_DTHR	7	13	new java.text.SimpleDateFormat('MMddyyyyHHmmss').parse(ctx.get('TRN_DATAHORA').substring(0,2)+ctx.get('TRN_DATAHORA').substring(2,4)+new java.text.SimpleDateFormat('yyyy').format(new java.util.Date())+ctx.get('TRN_DATAHORA').substring(4,10))
34	0	ctx.getResponseCode().equals('00')	TRN_STATUS	7	14	'PENDENTE'
45	0	\N	RSP_MTI	13	1	430
46	0	\N	RSP_MTI	10	1	430
47	0	\N	RSP_MTI	14	1	210
35	1	!ctx.getResponseCode().equals('00')	TRN_STATUS	7	15	'NEGADA'
53	1	\N	TRN_DTHR	14	6	new java.text.SimpleDateFormat('MMddyyyyHHmmss').parse(ctx.get('TRN_DATAHORA').substring(0,2)+ctx.get('TRN_DATAHORA').substring(2,4)+new java.text.SimpleDateFormat('yyyy').format(new java.util.Date())+ctx.get('TRN_DATAHORA').substring(4,10))
55	5	ctx.getResponseCode()!='00'	RSP_TICKET	7	16	String.format('%.2f',ctx.get("CNT_SALDO"))
57	0	\N	RSP_MTI	16	1	810
42	1	\N	TRN_NSUTERM	8	12	Integer.parseInt(ctx.get('TRN_NSUTERM'))
38	2	ctx.getResponseCode().equals('00')	TRN_STATUS	8	7	'PENDENTE'
60	0	!ctx.getResponseCode()=='00'	TRN_STATUS	16	4	'NEGADA'
59	1	ctx.getResponseCode()=='00'	TRN_STATUS	16	3	'CONFIRMADA'
61	0	\N	TRN_TIPO	16	5	'CONSULTA_PRECOS'
62	0	\N	RSP_MTI	17	1	430
41	1	\N	TRN_TIPO	8	11	'CONFIGURACAO_PRECO'
50	1	\N	TRN_AUTORIZADA	14	3	ctx.getResponseCode().equals('00')
51	1	ctx.getResponseCode().equals('00')	TRN_STATUS	14	4	'PENDENTE'
52	2	!ctx.getResponseCode().equals('00')	TRN_STATUS	14	5	'NEGADA'
54	1	\N	TRN_NSUTERM_INT	14	7	Integer.parseInt(ctx.get('TRN_NSUTERM'))
40	2	\N	TRN_DTHR	8	10	new java.text.SimpleDateFormat('MMddyyyyHHmmss').parse(ctx.get('TRN_DATAHORA').substring(0,2)+ctx.get('TRN_DATAHORA').substring(2,4)+new java.text.SimpleDateFormat('yyyy').format(new java.util.Date())+ctx.get('TRN_DATAHORA').substring(4,10))
39	3	!ctx.getResponseCode().equals('00')	TRN_STATUS	8	8	'NEGADA'
37	4	\N	TRN_AUTORIZADA	8	9	ctx.getResponseCode().equals('00')
48	10	ctx.getResponseCode().equals('00')	TRN_TICKET	14	2	'F@AMAZON CARD@GESTAO FROTA@@COMPROVANTE CANCELAMENTO@@@ESTAB.:'+ctx.get('TRN_ESTABELECIMENTO')+'@CRT.:'+ctx.get('TRN_CARTAO')+'@'+new java.text.SimpleDateFormat('dd/MM/yyyy').format(new java.util.Date())+'@TERMINAL:'+ctx.get('TRN_TERMINAL')+'@NUM.DOC.:'+ctx.get('RSP_NSU')+'@@@TRANSACAO ORIGINAL:@NUM.DOC.:'+ctx.get('TRN_NSU')+'@VALOR:'+String.format('%.2f',ctx.get('TRN_VALREAL'))+'@@  A TRANSACAO ACIMA@   ESTA CANCELADA@'
66	1	\N	TRN_NSUTERM_INT	16	6	Integer.parseInt(ctx.get('TRN_NSUTERM'))
67	0	ctx.getResponseCode().equals('01')	RSP_NEGACAO	7	17	'01'
68	0	ctx.getResponseCode().equals('02')	RSP_NEGACAO	7	18	'02'
69	0	ctx.getResponseCode().equals('03')	RSP_NEGACAO	7	19	'03'
70	0	ctx.getResponseCode().equals('04')	RSP_NEGACAO	7	20	'04'
71	0	ctx.getResponseCode().equals('05')	RSP_NEGACAO	7	21	'05'
72	0	ctx.getResponseCode().equals('06')	RSP_NEGACAO	7	22	'06'
73	0	ctx.getResponseCode().equals('07')	RSP_NEGACAO	7	23	'07'
74	0	ctx.getResponseCode().equals('09')	RSP_NEGACAO	7	24	'08'
75	0	ctx.getResponseCode().equals('10')	RSP_NEGACAO	7	25	'09'
76	0	ctx.getResponseCode().equals('11')	RSP_NEGACAO	7	26	'10'
77	0	ctx.getResponseCode().equals('12')	RSP_NEGACAO	7	27	'11'
78	0	ctx.getResponseCode().equals('51')	RSP_NEGACAO	7	28	'12'
79	1	\N	RSP_MTI	18	1	210
80	0	\N	TRN_VALREAL	18	2	Double.parseDouble(ctx.get('TRN_VALOR'))/100.0
81	0	ctx.getResponseCode()=='00'	CNT_NOVOSALDO	18	3	BigDecimal.valueOf((Double)ctx.get("CNT_SALDO")).subtract(BigDecimal.valueOf(Double.parseDouble(ctx.get("TRN_VALOR").toString())/100.0)).doubleValue()
58	7	ctx.getResponseCode()=='00'	RSP_TICKET	16	2	'F@AMAZON CARD@GESTAO DE FROTA@CONSULTA PRECO COMBUSTIVEL@@ESTAB.:'+ctx.get('TRN_ESTABELECIMENTO')+'@'+new java.text.SimpleDateFormat('dd/MM/yyyy').format(new java.util.Date())+'@TERMINAL:'+ctx.get('TRN_TERMINAL')+'@NUM.DOC.:'+ctx.get('RSP_NSU')+'@@PRODUTOS:@'+ctx.get("PRD_DESC")
13	10	ctx.getResponseCode()=='00'	RSP_TICKET	7	4	'F@CARTAO AMAZON CARD@GESTAO DE FROTA@COMBUSTIVEL VEICULO@@ESTAB.:'+ctx.get('TRN_ESTABELECIMENTO')+'@CRT.:'+ctx.get('TRN_CARTAO')+'@'+new java.text.SimpleDateFormat('dd/MM/yyyy').format(new java.util.Date())+'@TERMINAL:'+ctx.get('TRN_TERMINAL')+'@NUM.DOC.:'+ctx.get('RSP_NSU')+'@VALOR:'+String.format('%.2f',ctx.get('TRN_VALREAL'))+'@@SALDO DISP.:'+String.format('%.2f',ctx.get('CNT_NOVOSALDO'))+'@@TRANSACAO AUTORIZADA POR@MEIO DE SENHA PESSOAL.@@EXIJA O DOCUMENTO FISCAL'
10	6	\N	TRN_VALREAL	8	6	(double)Integer.parseInt(ctx.get('TRN_VALOR'))/1000.00
105	1	ctx.getResponseCode()!=0	STATUS_TRN	24	3	4
106	1	ctx.getResponseCode()==39	RSP_CODRESP	24	4	58
83	1	ctx.getResponseCode()!='00'	RSP_TICKET	18	5	String.format('%.2f',ctx.get("CNT_SALDO"))
84	0	\N	TRN_TIPO	18	6	'COMBUSTIVEL'
85	0	\N	TRN_NSUTERM_INT	18	7	Integer.parseInt(ctx.get('TRN_NSUTERM'))
86	0	\N	TRN_DTHR	18	8	new java.text.SimpleDateFormat('MMddyyyyHHmmss').parse(ctx.get('TRN_DATAHORA').substring(0,2)+ctx.get('TRN_DATAHORA').substring(2,4)+new java.text.SimpleDateFormat('yyyy').format(new java.util.Date())+ctx.get('TRN_DATAHORA').substring(4,10))
87	1	ctx.getResponseCode()=='00'	TRN_STATUS	18	9	'PENDENTE'
88	1	ctx.getResponseCode()!='00'	TRN_STATUS	18	10	'NEGADA'
89	4	!ctx.getResponseCode().equals('00')	RSP_NEGACAO	18	11	String ret="";\r\nint respCode=Integer.parseInt(ctx.getResponseCode());\r\n\r\nif(respCode<7)\r\n  ret=ctx.getResponseCode()\r\nelse if(respCode==51)\r\n  ret="11"\r\nelse if(respCode==9)\r\n  ret="09"\r\nelse if(respCode==10)\r\n  ret="10"\r\nelse if(respCode==11)\r\n  ret="15"\r\nelse if(respCode==12)\r\n  ret="12"\r\n\r\nreturn ret;\r\n
90	0	\N	RSP_MTI	21	1	430
91	0	\N	RSP_MTI	19	1	210
92	0	\N	TRN_VALREAL	19	2	Double.parseDouble(ctx.get('TRN_VALOR'))/100.0
93	0	ctx.getResponseCode()=='00'	CNT_NOVOSALDO	19	3	BigDecimal.valueOf((Double)ctx.get("CNT_SALDO")).subtract(BigDecimal.valueOf(Double.parseDouble(ctx.get("TRN_VALOR").toString())/100.0)).doubleValue()
95	0	ctx.getResponseCode()!='00'	RSP_TICKET	19	5	String.format('%.2f',ctx.get("CNT_SALDO"))
96	0	\N	TRN_NSUTERM_INT	19	6	Integer.parseInt(ctx.get('TRN_NSUTERM'))
97	0	\N	TRN_DTHR	19	7	new java.text.SimpleDateFormat('MMddyyyyHHmmss').parse(ctx.get('TRN_DATAHORA').substring(0,2)+ctx.get('TRN_DATAHORA').substring(2,4)+new java.text.SimpleDateFormat('yyyy').format(new java.util.Date())+ctx.get('TRN_DATAHORA').substring(4,10))
98	0	ctx.getResponseCode()=='00'	TRN_STATUS	19	8	'PENDENTE'
99	0	ctx.getResponseCode()!='00'	TRN_STATUS	19	9	'NEGADA'
100	0	!ctx.getResponseCode().equals('00')	RSP_NEGACAO	19	10	String ret="";\r\nint respCode=Integer.parseInt(ctx.getResponseCode());\r\n\r\nif(respCode<7)\r\n  ret=ctx.getResponseCode()\r\nelse if(respCode==51)\r\n  ret="11"\r\nelse if(respCode==9)\r\n  ret="09"\r\nelse if(respCode==10)\r\n  ret="10"\r\nelse if(respCode==11)\r\n  ret="15"\r\nelse if(respCode==12)\r\n  ret="12"\r\n\r\nreturn ret;\r\n
94	2	ctx.getResponseCode()=='00'	RSP_TICKET	19	4	'F@CARTAO AMAZON CARD@GESTAO DE FROTA@SERVICOS VEICULO@@ESTAB.:'+ctx.get('TRN_ESTABELECIMENTO')+'@CRT.:'+ctx.get('TRN_CARTAO')+'@'+new java.text.SimpleDateFormat('dd/MM/yyyy').format(new java.util.Date())+'@TERMINAL:'+ctx.get('TRN_TERMINAL')+'@NUM.DOC.:'+ctx.get('RSP_NSU')+'@VALOR:'+String.format('%.2f',ctx.get('TRN_VALREAL'))+'@@SALDO DISP.:'+String.format('%.2f',ctx.get('CNT_NOVOSALDO'))+'@@TRANSACAO AUTORIZADA POR@MEIO DE SENHA PESSOAL.@@EXIJA O DOCUMENTO FISCAL'
82	2	ctx.getResponseCode()=='00'	RSP_TICKET	18	4	'F@CARTAO AMAZON CARD@GESTAO DE FROTA@COMBUSTIVEL EQUIPAMENTO@@ESTAB.:'+ctx.get('TRN_ESTABELECIMENTO')+'@CRT.:'+ctx.get('TRN_CARTAO')+'@'+new java.text.SimpleDateFormat('dd/MM/yyyy').format(new java.util.Date())+'@TERMINAL:'+ctx.get('TRN_TERMINAL')+'@NUM.DOC.:'+ctx.get('RSP_NSU')+'@VALOR:'+String.format('%.2f',ctx.get('TRN_VALREAL'))+'@@SALDO DISP.:'+String.format('%.2f',ctx.get('CNT_NOVOSALDO'))+'@@TRANSACAO AUTORIZADA POR@MEIO DE SENHA PESSOAL.@@EXIJA O DOCUMENTO FISCAL'
101	0	\N	RSP_MTI	23	1	430
44	8	ctx.getResponseCode().equals('00')	RSP_TICKET	8	13	'F@AMAZON CARD@GESTAO DE FROTA@CONFIG PRECO PRODUTO@@ESTAB.:'+ctx.get('TRN_ESTABELECIMENTO')+'@'+new java.text.SimpleDateFormat('dd/MM/yyyy').format(new java.util.Date())+'@TERMINAL:'+ctx.get('TRN_TERMINAL')+'@NUM.DOC.:'+ctx.get('RSP_NSU')+'@@PRODUTO:'+ctx.get('PRD_NOME')+'@NOVO PRECO:'+String.format('%.3f',ctx.get('TRN_VALREAL'))
107	0	\N	TRN_TIPO	25	5	'CONSULTA_PRECOS'
108	0	\N	TRN_NSUTERM_INT	25	6	Integer.parseInt(ctx.get('TRN_NSUTERM'))
109	0	ctx.getResponseCode()=='00'	TRN_STATUS	25	3	'CONFIRMADA'
110	0	ctx.getResponseCode()=='00'	RSP_TICKET	25	2	'F@AMAZON CARD@GESTAO DE FROTA@CONSULTA PRECO COMBUSTIVEL@@ESTAB.:'+ctx.get('TRN_ESTABELECIMENTO')+'@'+new java.text.SimpleDateFormat('dd/MM/yyyy').format(new java.util.Date())+'@TERMINAL:'+ctx.get('TRN_TERMINAL')+'@NUM.DOC.:'+ctx.get('RSP_NSU')+'@@PRODUTOS:@'+ctx.get("PRD_DESC")
111	0	\N	RSP_MTI	25	1	810
112	0	!ctx.getResponseCode()=='00'	TRN_STATUS	25	4	'NEGADA'
113	0	ctx.getResponseCode().equals('00')	TRN_TICKET	26	2	'F@AMAZON CARD@GESTAO FROTA@@COMPROVANTE CANCELAMENTO@@@ESTAB.:'+ctx.get('TRN_ESTABELECIMENTO')+'@CRT.:'+ctx.get('TRN_CARTAO')+'@'+new java.text.SimpleDateFormat('dd/MM/yyyy').format(new java.util.Date())+'@TERMINAL:'+ctx.get('TRN_TERMINAL')+'@NUM.DOC.:'+ctx.get('RSP_NSU')+'@@@TRANSACAO ORIGINAL:@NUM.DOC.:'+ctx.get('TRN_NSU')+'@VALOR:'+String.format('%.2f',ctx.get('TRN_VALREAL'))+'@@  A TRANSACAO ACIMA@   ESTA CANCELADA@'
114	0	!ctx.getResponseCode().equals('00')	TRN_STATUS	26	5	'NEGADA'
115	0	\N	TRN_DTHR	26	6	new java.text.SimpleDateFormat('MMddyyyyHHmmss').parse(ctx.get('TRN_DATAHORA').substring(0,2)+ctx.get('TRN_DATAHORA').substring(2,4)+new java.text.SimpleDateFormat('yyyy').format(new java.util.Date())+ctx.get('TRN_DATAHORA').substring(4,10))
116	0	\N	TRN_NSUTERM_INT	26	7	Integer.parseInt(ctx.get('TRN_NSUTERM'))
117	0	\N	RSP_MTI	26	1	210
118	0	\N	TRN_AUTORIZADA	26	3	ctx.getResponseCode().equals('00')
119	0	ctx.getResponseCode().equals('00')	TRN_STATUS	26	4	'PENDENTE'
120	0	\N	RSP_MTI	27	1	430
121	0	ctx.getResponseCode().equals('00')	TRN_STATUS	28	14	'PENDENTE'
122	0	ctx.getResponseCode().equals('10')	RSP_NEGACAO	28	25	'09'
123	0	ctx.getResponseCode().equals('09')	RSP_NEGACAO	28	24	'08'
124	0	ctx.getResponseCode()=='00'	RSP_TICKET	28	4	'F@CARTAO AMAZON CARD@GESTAO DE FROTA@COMBUSTIVEL VEICULO@@ESTAB.:'+ctx.get('TRN_ESTABELECIMENTO')+'@CRT.:'+ctx.get('TRN_CARTAO')+'@'+new java.text.SimpleDateFormat('dd/MM/yyyy').format(new java.util.Date())+'@TERMINAL:'+ctx.get('TRN_TERMINAL')+'@NUM.DOC.:'+ctx.get('RSP_NSU')+'@VALOR:'+String.format('%.2f',ctx.get('TRN_VALREAL'))+'@@SALDO DISP.:'+String.format('%.2f',ctx.get('CNT_NOVOSALDO'))+'@@TRANSACAO AUTORIZADA POR@MEIO DE SENHA PESSOAL.@@EXIJA O DOCUMENTO FISCAL'
125	0	ctx.getResponseCode().equals('06')	RSP_NEGACAO	28	22	'06'
126	0	\N	TRN_VALREAL	28	2	Double.parseDouble(ctx.get('TRN_VALOR'))/100.0
127	0	ctx.getResponseCode().equals('02')	RSP_NEGACAO	28	18	'02'
128	0	ctx.getResponseCode().equals('05')	RSP_NEGACAO	28	21	'05'
129	0	\N	TRN_AUTORIZADA	28	6	ctx.getResponseCode()=='00'
130	0	ctx.getResponseCode().equals('07')	RSP_NEGACAO	28	23	'07'
131	0	ctx.getResponseCode()!='00'	RSP_TICKET	28	16	String.format('%.2f',ctx.get("CNT_SALDO"))
132	0	ctx.getResponseCode().equals('03')	RSP_NEGACAO	28	19	'03'
133	0	ctx.getResponseCode()=='00'	CNT_NOVOSALDO	28	3	BigDecimal.valueOf((Double)ctx.get("CNT_SALDO")).subtract(BigDecimal.valueOf(Double.parseDouble(ctx.get("TRN_VALOR").toString())/100.0)).doubleValue()
134	0	ctx.getResponseCode().equals('11')	RSP_NEGACAO	28	26	'10'
135	0	\N	RSP_MTI	28	1	210
136	0	\N	TRN_DTHR	28	13	new java.text.SimpleDateFormat('MMddyyyyHHmmss').parse(ctx.get('TRN_DATAHORA').substring(0,2)+ctx.get('TRN_DATAHORA').substring(2,4)+new java.text.SimpleDateFormat('yyyy').format(new java.util.Date())+ctx.get('TRN_DATAHORA').substring(4,10))
137	0	ctx.getResponseCode().equals('12')	RSP_NEGACAO	28	27	'11'
138	0	ctx.getResponseCode().equals('01')	RSP_NEGACAO	28	17	'01'
139	0	!ctx.getResponseCode().equals('00')	TRN_STATUS	28	15	'NEGADA'
140	0	ctx.getResponseCode().equals('51')	RSP_NEGACAO	28	28	'12'
141	0	ctx.getResponseCode().equals('04')	RSP_NEGACAO	28	20	'04'
142	0	\N	TRN_NSUTERM_INT	28	12	Integer.parseInt(ctx.get('TRN_NSUTERM'))
143	0	\N	TRN_KMATUAL	28	10	Long.parseLong(ctx.get('TRN_QUILOMETRAGEM'))
144	0	\N	RSP_MTI	30	1	430
145	0	\N	RSP_MTI	31	1	430
146	0	\N	RSP_MTI	32	1	430
147	0	\N	TRN_VALREAL	33	2	Double.parseDouble(ctx.get('TRN_VALOR'))/100.0
148	0	ctx.getResponseCode()=='00'	RSP_TICKET	33	4	'F@CARTAO AMAZON CARD@GESTAO DE FROTA@COMBUSTIVEL EQUIPAMENTO@@ESTAB.:'+ctx.get('TRN_ESTABELECIMENTO')+'@CRT.:'+ctx.get('TRN_CARTAO')+'@'+new java.text.SimpleDateFormat('dd/MM/yyyy').format(new java.util.Date())+'@TERMINAL:'+ctx.get('TRN_TERMINAL')+'@NUM.DOC.:'+ctx.get('RSP_NSU')+'@VALOR:'+String.format('%.2f',ctx.get('TRN_VALREAL'))+'@@SALDO DISP.:'+String.format('%.2f',ctx.get('CNT_NOVOSALDO'))+'@@TRANSACAO AUTORIZADA POR@MEIO DE SENHA PESSOAL.@@EXIJA O DOCUMENTO FISCAL'
149	0	\N	RSP_MTI	33	1	210
150	0	!ctx.getResponseCode().equals('00')	RSP_NEGACAO	33	11	String ret="";\r\nint respCode=Integer.parseInt(ctx.getResponseCode());\r\n\r\nif(respCode<7)\r\n  ret=ctx.getResponseCode()\r\nelse if(respCode==51)\r\n  ret="11"\r\nelse if(respCode==9)\r\n  ret="09"\r\nelse if(respCode==10)\r\n  ret="10"\r\nelse if(respCode==11)\r\n  ret="15"\r\nelse if(respCode==12)\r\n  ret="12"\r\n\r\nreturn ret;\r\n
151	0	\N	TRN_TIPO	33	6	'COMBUSTIVEL'
152	0	\N	TRN_DTHR	33	8	new java.text.SimpleDateFormat('MMddyyyyHHmmss').parse(ctx.get('TRN_DATAHORA').substring(0,2)+ctx.get('TRN_DATAHORA').substring(2,4)+new java.text.SimpleDateFormat('yyyy').format(new java.util.Date())+ctx.get('TRN_DATAHORA').substring(4,10))
153	0	ctx.getResponseCode()=='00'	TRN_STATUS	33	9	'PENDENTE'
154	0	ctx.getResponseCode()!='00'	TRN_STATUS	33	10	'NEGADA'
155	0	\N	TRN_NSUTERM_INT	33	7	Integer.parseInt(ctx.get('TRN_NSUTERM'))
156	0	ctx.getResponseCode()!='00'	RSP_TICKET	33	5	String.format('%.2f',ctx.get("CNT_SALDO"))
157	0	ctx.getResponseCode()=='00'	CNT_NOVOSALDO	33	3	BigDecimal.valueOf((Double)ctx.get("CNT_SALDO")).subtract(BigDecimal.valueOf(Double.parseDouble(ctx.get("TRN_VALOR").toString())/100.0)).doubleValue()
158	0	\N	TRN_DTHR	34	7	new java.text.SimpleDateFormat('MMddyyyyHHmmss').parse(ctx.get('TRN_DATAHORA').substring(0,2)+ctx.get('TRN_DATAHORA').substring(2,4)+new java.text.SimpleDateFormat('yyyy').format(new java.util.Date())+ctx.get('TRN_DATAHORA').substring(4,10))
159	0	\N	RSP_MTI	34	1	210
160	0	ctx.getResponseCode()=='00'	CNT_NOVOSALDO	34	3	BigDecimal.valueOf((Double)ctx.get("CNT_SALDO")).subtract(BigDecimal.valueOf(Double.parseDouble(ctx.get("TRN_VALOR").toString())/100.0)).doubleValue()
161	0	ctx.getResponseCode()=='00'	TRN_STATUS	34	8	'PENDENTE'
162	0	\N	TRN_NSUTERM_INT	34	6	Integer.parseInt(ctx.get('TRN_NSUTERM'))
163	0	!ctx.getResponseCode().equals('00')	RSP_NEGACAO	34	10	String ret="";\r\nint respCode=Integer.parseInt(ctx.getResponseCode());\r\n\r\nif(respCode<7)\r\n  ret=ctx.getResponseCode()\r\nelse if(respCode==51)\r\n  ret="11"\r\nelse if(respCode==9)\r\n  ret="09"\r\nelse if(respCode==10)\r\n  ret="10"\r\nelse if(respCode==11)\r\n  ret="15"\r\nelse if(respCode==12)\r\n  ret="12"\r\n\r\nreturn ret;\r\n
164	0	ctx.getResponseCode()!='00'	TRN_STATUS	34	9	'NEGADA'
165	0	ctx.getResponseCode()=='00'	RSP_TICKET	34	4	'F@CARTAO AMAZON CARD@GESTAO DE FROTA@SERVICOS VEICULO@@ESTAB.:'+ctx.get('TRN_ESTABELECIMENTO')+'@CRT.:'+ctx.get('TRN_CARTAO')+'@'+new java.text.SimpleDateFormat('dd/MM/yyyy').format(new java.util.Date())+'@TERMINAL:'+ctx.get('TRN_TERMINAL')+'@NUM.DOC.:'+ctx.get('RSP_NSU')+'@VALOR:'+String.format('%.2f',ctx.get('TRN_VALREAL'))+'@@SALDO DISP.:'+String.format('%.2f',ctx.get('CNT_NOVOSALDO'))+'@@TRANSACAO AUTORIZADA POR@MEIO DE SENHA PESSOAL.@@EXIJA O DOCUMENTO FISCAL'
166	0	\N	TRN_VALREAL	34	2	Double.parseDouble(ctx.get('TRN_VALOR'))/100.0
167	0	ctx.getResponseCode()!='00'	RSP_TICKET	34	5	String.format('%.2f',ctx.get("CNT_SALDO"))
168	0	\N	RSP_MTI	37	1	430
169	0	!ctx.getResponseCode().equals('00')	TRN_STATUS	39	8	'NEGADA'
170	0	\N	TRN_AUTORIZADA	39	9	ctx.getResponseCode().equals('00')
171	0	\N	TRN_DTHR	39	10	new java.text.SimpleDateFormat('MMddyyyyHHmmss').parse(ctx.get('TRN_DATAHORA').substring(0,2)+ctx.get('TRN_DATAHORA').substring(2,4)+new java.text.SimpleDateFormat('yyyy').format(new java.util.Date())+ctx.get('TRN_DATAHORA').substring(4,10))
172	0	\N	TRN_TIPO	39	11	'CONFIGURACAO_PRECO'
173	0	\N	TRN_VALREAL	39	6	(double)Integer.parseInt(ctx.get('TRN_VALOR'))/1000.00
174	0	\N	TRN_NSUTERM	39	12	Integer.parseInt(ctx.get('TRN_NSUTERM'))
175	0	\N	RSP_MTI	39	1	810
176	0	ctx.getResponseCode().equals('00')	RSP_TICKET	39	13	'F@AMAZON CARD@GESTAO DE FROTA@CONFIG PRECO PRODUTO@@ESTAB.:'+ctx.get('TRN_ESTABELECIMENTO')+'@'+new java.text.SimpleDateFormat('dd/MM/yyyy').format(new java.util.Date())+'@TERMINAL:'+ctx.get('TRN_TERMINAL')+'@NUM.DOC.:'+ctx.get('RSP_NSU')+'@@PRODUTO:'+ctx.get('PRD_NOME')+'@NOVO PRECO:'+String.format('%.3f',ctx.get('TRN_VALREAL'))
177	0	ctx.getResponseCode().equals('00')	TRN_STATUS	39	7	'PENDENTE'
\.


--
-- Name: fillerreturn_seq; Type: SEQUENCE SET; Schema: public; Owner: postgres
--

SELECT pg_catalog.setval('fillerreturn_seq', 177, true);


--
-- Name: hibernate_sequence; Type: SEQUENCE SET; Schema: public; Owner: postgres
--

SELECT pg_catalog.setval('hibernate_sequence', 2, true);


--
-- Data for Name: input_supply; Type: TABLE DATA; Schema: public; Owner: postgres
--

COPY input_supply (id, version, expression, index, supply_id) FROM stdin;
3	0	${Float.parseFloat(ctx.get('TRN_VALOR'))/100.0}	1	13
5	0	TRN_TERMINAL	4	13
11	0	TRN_PLACA	1	11
12	0	TRN_PLACA	1	12
13	0	TRN_MATRICULA	2	12
46	1	TRN_CARTAO	3	17
2	0	${new java.text.SimpleDateFormat('MMddyyyyHHmmss').parse(ctx.get('TRN_DATAHORA').substring(0,2)+ctx.get('TRN_DATAHORA').substring(2,4)+new java.text.SimpleDateFormat('yyyy').format(new java.util.Date())+ctx.get('TRN_DATAHORA').substring(4,10))}	2	13
47	1	${Float.parseFloat(ctx.get('TRN_VALOR'))/100.0}	4	17
48	1	TRN_TERMINAL	5	17
122	0	TRN_ESTABELECIMENTO	1	40
126	0	TRN_CARTAO	1	42
127	0	TRN_PLANO	2	42
49	1	TRN_ESTABELECIMENTO	6	17
4	1	${Integer.parseInt(ctx.get('TRN_NSUTERM'))}	3	13
19	0	${Float.parseFloat(ctx.get('TRN_VALOR'))/100.0}	1	14
22	0	TRN_TERMINAL	4	14
14	1	TRN_ESTABELECIMENTO	5	13
23	0	TRN_ESTABELECIMENTO	5	14
24	0	TRN_CARTAO	6	14
20	1	${new java.text.SimpleDateFormat('MMddyyyyHHmmss').parse(ctx.get('TRN_DATAORIG')+new java.text.SimpleDateFormat('yyyy').format(new java.util.Date())+ctx.get('TRN_HORAORIG'))}	2	14
21	1	${Integer.parseInt(ctx.get('TRN_NSUORIG'))}	3	14
25	0	TRN_CODMSGORIG	7	14
32	0	${new java.text.SimpleDateFormat('MMddyyyyHHmmss').parse(ctx.get('TRN_DATAHORA').substring(0,2)+ctx.get('TRN_DATAHORA').substring(2,4)+new java.text.SimpleDateFormat('yyyy').format(new java.util.Date())+ctx.get('TRN_DATAHORA').substring(4,10))}	2	15
35	0	${Float.parseFloat(ctx.get('TRN_VALOR'))/100.0}	1	16
36	0	${new java.text.SimpleDateFormat('MMddyyyyHHmmss').parse(ctx.get('TRN_DATAORIG')+new java.text.SimpleDateFormat('yyyy').format(new java.util.Date())+ctx.get('TRN_HORAORIG'))}	2	16
37	0	${Integer.parseInt(ctx.get('TRN_NSUORIG'))}	3	16
33	1	${Integer.parseInt(ctx.get('TRN_NSUTERM'))}	3	15
42	0	TRN_CODMSGORIG	6	16
43	0	TRN_CODMSGORIG	1	17
51	0	${Float.parseFloat(ctx.get('TRN_VALOR'))/100.0}	1	18
52	0	${new java.text.SimpleDateFormat('MMddyyyyHHmmss').parse(ctx.get('TRN_DATAHORA').substring(0,2)+ctx.get('TRN_DATAHORA').substring(2,4)+new java.text.SimpleDateFormat('yyyy').format(new java.util.Date())+ctx.get('TRN_DATAHORA').substring(4,10))}	2	18
53	0	${Integer.parseInt(ctx.get('TRN_NSUTERM'))}	3	18
54	0	TRN_TERMINAL	4	18
55	0	TRN_ESTABELECIMENTO	5	18
45	1	${new java.text.SimpleDateFormat('MMddyyyyHHmmss').parse(ctx.get('TRN_DATAORIG')+new java.text.SimpleDateFormat('yyyy').format(new java.util.Date())+ctx.get('TRN_HORAORIG'))}	2	17
50	2	${Integer.parseInt(ctx.get('TRN_NSU'))}	7	17
56	0	TRN_ESTABELECIMENTO	1	19
59	0	${Float.parseFloat(ctx.get('TRN_VALOR'))/100.0}	1	22
60	0	${new java.text.SimpleDateFormat('MMddyyyyHHmmss').parse(ctx.get('TRN_DATAORIG')+new java.text.SimpleDateFormat('yyyy').format(new java.util.Date())+ctx.get('TRN_HORAORIG'))}	2	22
61	0	${Integer.parseInt(ctx.get('TRN_NSUORIG'))}	3	22
62	0	TRN_TERMINAL	4	22
63	0	TRN_ESTABELECIMENTO	5	22
64	0	TRN_CARTAO	6	22
65	0	TRN_CODMSGORIG	7	22
66	0	TRN_CODMSGORIG	1	23
67	0	${new java.text.SimpleDateFormat('MMddyyyyHHmmss').parse(ctx.get('TRN_DATAORIG')+new java.text.SimpleDateFormat('yyyy').format(new java.util.Date())+ctx.get('TRN_HORAORIG'))}	2	23
72	5	${Integer.parseInt(ctx.get('TRN_NSUTERMORIG'))}	4	23
70	1	${Float.parseFloat(ctx.get('TRN_VALOR'))/100.0}	3	23
74	0	${Integer.parseInt(ctx.get('TRN_NSUHOSTORIG'))}	5	23
84	0	TRN_CARTAO	1	26
85	0	TRN_EQUIP	1	27
86	0	TRN_CARTAO	1	28
87	0	TRN_EQUIP	2	28
27	1	TRN_CODPROD	1	8
30	2	TRN_ESTABELECIMENTO	2	8
88	0	TRN_CODPROD	1	30
38	2	TRN_ESTABELECIMENTO	4	15
31	0	${Float.parseFloat(ctx.get('TRN_VALOR'))/1000.0}	1	15
39	1	TRN_ESTABELECIMENTO	4	16
40	1	TRN_TERMINAL	5	16
16	3	TRN_ESTABELECIMENTO	1	10
89	0	TRN_CODPROD	2	10
34	2	TRN_TERMINAL	5	15
91	0	${new java.text.SimpleDateFormat('MMddyyyyHHmmss').parse(ctx.get('TRN_DATAHORA').substring(0,2)+ctx.get('TRN_DATAHORA').substring(2,4)+new java.text.SimpleDateFormat('yyyy').format(new java.util.Date())+ctx.get('TRN_DATAHORA').substring(4,10))}	2	31
92	0	${Integer.parseInt(ctx.get('TRN_NSUTERM'))}	3	31
93	0	TRN_TERMINAL	4	31
94	0	TRN_ESTABELECIMENTO	5	31
95	0	${Float.parseFloat(ctx.get('TRN_VALOR'))/100.0}	1	32
96	0	${new java.text.SimpleDateFormat('MMddyyyyHHmmss').parse(ctx.get('TRN_DATAORIG')+new java.text.SimpleDateFormat('yyyy').format(new java.util.Date())+ctx.get('TRN_HORAORIG'))}	2	32
97	0	${Integer.parseInt(ctx.get('TRN_NSUORIG'))}	3	32
98	0	TRN_TERMINAL	4	32
99	0	TRN_ESTABELECIMENTO	5	32
100	0	TRN_CARTAO	6	32
101	0	TRN_CODMSGORIG	7	32
82	2	TRN_CODPROD	2	25
190	0	TRN_CODPROD	2	65
83	3	TRN_ESTABELECIMENTO	1	25
102	0	TRN_ESTABELECIMENTO	1	34
103	0	TRN_CARTAO	1	35
104	0	TRN_PLACA	1	37
105	0	TRN_PLACA	1	36
106	0	TRN_MATRICULA	2	36
107	0	TRN_ESTABELECIMENTO	1	33
108	0	TRN_CODPROD	2	33
109	0	${Float.parseFloat(ctx.get('TRN_VALOR'))/100.0}	1	31
110	0	${Float.parseFloat(ctx.get('TRN_VALOR'))/100.0}	1	38
111	0	${new java.text.SimpleDateFormat('MMddyyyyHHmmss').parse(ctx.get('TRN_DATAHORA').substring(0,2)+ctx.get('TRN_DATAHORA').substring(2,4)+new java.text.SimpleDateFormat('yyyy').format(new java.util.Date())+ctx.get('TRN_DATAHORA').substring(4,10))}	2	38
112	0	${Integer.parseInt(ctx.get('TRN_NSUTERM'))}	3	38
113	0	TRN_TERMINAL	4	38
114	0	TRN_ESTABELECIMENTO	5	38
115	0	${Float.parseFloat(ctx.get('TRN_VALOR'))/100.0}	1	39
116	0	${new java.text.SimpleDateFormat('MMddyyyyHHmmss').parse(ctx.get('TRN_DATAORIG')+new java.text.SimpleDateFormat('yyyy').format(new java.util.Date())+ctx.get('TRN_HORAORIG'))}	2	39
117	0	${Integer.parseInt(ctx.get('TRN_NSUORIG'))}	3	39
118	0	TRN_TERMINAL	4	39
119	0	TRN_ESTABELECIMENTO	5	39
120	0	TRN_CARTAO	6	39
121	0	TRN_CODMSGORIG	7	39
123	0	TRN_CARTAO	1	41
124	0	TRN_CARTAO	2	41
125	0	TRN_CARTAO	3	41
128	0	TRN_CARTAO	1	43
129	0	TRN_ESTABELECIMENTO	1	44
130	0	TRN_PLANO	2	44
131	0	TRN_ESTABELECIMENTO	1	45
132	0	TRN_CARTAO	2	45
133	0	TRN_CARTAO	3	45
134	0	ID_CARTAO	1	46
135	0	ID_CARTAO	1	47
137	0	TRN_ESTABELECIMENTO	1	49
138	0	TRN_CODMSGORIG	1	50
139	0	TRN_TERMINAL	5	50
140	0	TRN_ESTABELECIMENTO	6	50
141	0	${Integer.parseInt(ctx.get('TRN_NSU'))}	7	50
142	0	${Float.parseFloat(ctx.get('TRN_VALOR'))/100.0}	4	50
143	0	${new java.text.SimpleDateFormat('MMddyyyyHHmmss').parse(ctx.get('TRN_DATAORIG')+new java.text.SimpleDateFormat('yyyy').format(new java.util.Date())+ctx.get('TRN_HORAORIG'))}	2	50
144	0	TRN_CARTAO	3	50
145	0	TRN_CODMSGORIG	7	51
146	0	TRN_ESTABELECIMENTO	5	51
147	0	${new java.text.SimpleDateFormat('MMddyyyyHHmmss').parse(ctx.get('TRN_DATAORIG')+new java.text.SimpleDateFormat('yyyy').format(new java.util.Date())+ctx.get('TRN_HORAORIG'))}	2	51
148	0	${Integer.parseInt(ctx.get('TRN_NSUORIG'))}	3	51
149	0	${Float.parseFloat(ctx.get('TRN_VALOR'))/100.0}	1	51
150	0	TRN_TERMINAL	4	51
151	0	TRN_CARTAO	6	51
152	0	TRN_MATRICULA	2	52
153	0	TRN_PLACA	1	52
155	0	TRN_PLACA	1	54
156	0	TRN_ESTABELECIMENTO	1	55
157	0	TRN_CODPROD	2	55
158	0	${Float.parseFloat(ctx.get('TRN_VALOR'))/100.0}	1	57
159	0	${Integer.parseInt(ctx.get('TRN_NSUTERM'))}	3	57
160	0	TRN_TERMINAL	4	57
161	0	${new java.text.SimpleDateFormat('MMddyyyyHHmmss').parse(ctx.get('TRN_DATAHORA').substring(0,2)+ctx.get('TRN_DATAHORA').substring(2,4)+new java.text.SimpleDateFormat('yyyy').format(new java.util.Date())+ctx.get('TRN_DATAHORA').substring(4,10))}	2	57
162	0	TRN_ESTABELECIMENTO	5	57
163	0	TRN_TERMINAL	5	58
164	0	TRN_ESTABELECIMENTO	4	58
165	0	${new java.text.SimpleDateFormat('MMddyyyyHHmmss').parse(ctx.get('TRN_DATAORIG')+new java.text.SimpleDateFormat('yyyy').format(new java.util.Date())+ctx.get('TRN_HORAORIG'))}	2	58
166	0	${Float.parseFloat(ctx.get('TRN_VALOR'))/100.0}	1	58
167	0	${Integer.parseInt(ctx.get('TRN_NSUORIG'))}	3	58
168	0	TRN_CODMSGORIG	6	58
169	0	TRN_CODMSGORIG	7	59
170	0	TRN_TERMINAL	4	59
171	0	${new java.text.SimpleDateFormat('MMddyyyyHHmmss').parse(ctx.get('TRN_DATAORIG')+new java.text.SimpleDateFormat('yyyy').format(new java.util.Date())+ctx.get('TRN_HORAORIG'))}	2	59
172	0	${Float.parseFloat(ctx.get('TRN_VALOR'))/100.0}	1	59
173	0	${Integer.parseInt(ctx.get('TRN_NSUORIG'))}	3	59
174	0	TRN_CARTAO	6	59
175	0	TRN_ESTABELECIMENTO	5	59
176	0	TRN_ESTABELECIMENTO	5	60
177	0	${new java.text.SimpleDateFormat('MMddyyyyHHmmss').parse(ctx.get('TRN_DATAORIG')+new java.text.SimpleDateFormat('yyyy').format(new java.util.Date())+ctx.get('TRN_HORAORIG'))}	2	60
178	0	${Float.parseFloat(ctx.get('TRN_VALOR'))/100.0}	1	60
179	0	TRN_CARTAO	6	60
180	0	${Integer.parseInt(ctx.get('TRN_NSUORIG'))}	3	60
181	0	TRN_CODMSGORIG	7	60
182	0	TRN_TERMINAL	4	60
183	0	TRN_EQUIP	2	61
184	0	TRN_CARTAO	1	61
185	0	TRN_CODPROD	2	62
186	0	TRN_ESTABELECIMENTO	1	62
187	0	TRN_CARTAO	1	63
188	0	TRN_EQUIP	1	64
189	0	TRN_ESTABELECIMENTO	1	65
191	0	TRN_PLACA	1	66
192	0	TRN_PLACA	1	67
193	0	TRN_MATRICULA	2	67
194	0	TRN_ESTABELECIMENTO	1	68
195	0	TRN_CARTAO	1	69
196	0	${new java.text.SimpleDateFormat('MMddyyyyHHmmss').parse(ctx.get('TRN_DATAHORA').substring(0,2)+ctx.get('TRN_DATAHORA').substring(2,4)+new java.text.SimpleDateFormat('yyyy').format(new java.util.Date())+ctx.get('TRN_DATAHORA').substring(4,10))}	2	70
197	0	TRN_ESTABELECIMENTO	4	70
198	0	${Float.parseFloat(ctx.get('TRN_VALOR'))/1000.0}	1	70
199	0	${Integer.parseInt(ctx.get('TRN_NSUTERM'))}	3	70
200	0	TRN_TERMINAL	5	70
201	0	${Float.parseFloat(ctx.get('TRN_VALOR'))/100.0}	1	71
202	0	TRN_ESTABELECIMENTO	5	71
203	0	TRN_TERMINAL	4	71
204	0	${Integer.parseInt(ctx.get('TRN_NSUTERM'))}	3	71
205	0	${new java.text.SimpleDateFormat('MMddyyyyHHmmss').parse(ctx.get('TRN_DATAHORA').substring(0,2)+ctx.get('TRN_DATAHORA').substring(2,4)+new java.text.SimpleDateFormat('yyyy').format(new java.util.Date())+ctx.get('TRN_DATAHORA').substring(4,10))}	2	71
206	0	TRN_CODMSGORIG	7	72
207	0	TRN_CARTAO	6	72
208	0	${Integer.parseInt(ctx.get('TRN_NSUORIG'))}	3	72
209	0	${new java.text.SimpleDateFormat('MMddyyyyHHmmss').parse(ctx.get('TRN_DATAORIG')+new java.text.SimpleDateFormat('yyyy').format(new java.util.Date())+ctx.get('TRN_HORAORIG'))}	2	72
210	0	TRN_ESTABELECIMENTO	5	72
211	0	${Float.parseFloat(ctx.get('TRN_VALOR'))/100.0}	1	72
212	0	TRN_TERMINAL	4	72
213	0	${Float.parseFloat(ctx.get('TRN_VALOR'))/100.0}	1	73
214	0	TRN_ESTABELECIMENTO	5	73
215	0	${Integer.parseInt(ctx.get('TRN_NSUTERM'))}	3	73
216	0	TRN_TERMINAL	4	73
217	0	${new java.text.SimpleDateFormat('MMddyyyyHHmmss').parse(ctx.get('TRN_DATAHORA').substring(0,2)+ctx.get('TRN_DATAHORA').substring(2,4)+new java.text.SimpleDateFormat('yyyy').format(new java.util.Date())+ctx.get('TRN_DATAHORA').substring(4,10))}	2	73
218	0	${Integer.parseInt(ctx.get('TRN_NSUTERMORIG'))}	4	74
219	0	${Float.parseFloat(ctx.get('TRN_VALOR'))/100.0}	3	74
220	0	${new java.text.SimpleDateFormat('MMddyyyyHHmmss').parse(ctx.get('TRN_DATAORIG')+new java.text.SimpleDateFormat('yyyy').format(new java.util.Date())+ctx.get('TRN_HORAORIG'))}	2	74
221	0	${Integer.parseInt(ctx.get('TRN_NSUHOSTORIG'))}	5	74
222	0	TRN_CODMSGORIG	1	74
223	0	TRN_CODPROD	1	75
224	0	TRN_CODPROD	1	76
225	0	TRN_ESTABELECIMENTO	2	76
226	0	TRN_ESTABELECIMENTO	5	77
227	0	TRN_TERMINAL	4	77
228	0	${Integer.parseInt(ctx.get('TRN_NSUTERM'))}	3	77
229	0	${new java.text.SimpleDateFormat('MMddyyyyHHmmss').parse(ctx.get('TRN_DATAHORA').substring(0,2)+ctx.get('TRN_DATAHORA').substring(2,4)+new java.text.SimpleDateFormat('yyyy').format(new java.util.Date())+ctx.get('TRN_DATAHORA').substring(4,10))}	2	77
230	0	${Float.parseFloat(ctx.get('TRN_VALOR'))/100.0}	1	77
231	0	TRN_MATRICULA	1	78
232	0	TRN_CARTAO	1	79
233	0	TRN_MATRICULA	2	79
154	1	TRN_MATRICULA	1	53
234	0	TRN_CARTAO	1	80
235	0	TRN_MATRICULA	2	80
\.


--
-- Name: inputsupply_seq; Type: SEQUENCE SET; Schema: public; Owner: postgres
--

SELECT pg_catalog.setval('inputsupply_seq', 235, true);


--
-- Data for Name: persistence; Type: TABLE DATA; Schema: public; Owner: postgres
--

COPY persistence (id, version, condition, name, transaction_service_id, sql, is_function) FROM stdin;
20	2	ctx.get('TRN_ID')>0 && !ctx.get('TRN_CODRESP').equals('00')	Desfaz Transacao	12	update Transacao set status_controle='DESFEITA' where id=?	f
14	4	ctx.get('TRN_ID')>0 && ctx.get('TRN_CODRESP').equals('00')	Confirma Transacao	9	update Transacao set status_controle='CONFIRMADA', status='AGENDAR' where id=?	f
15	4	ctx.get('TRN_ID')>0 && !ctx.get('TRN_CODRESP').equals('00')	Desfaz Transacao	9	update Transacao set status_controle='DESFEITA' where id=?	f
16	2	ctx.get('TRN_ID')>0 && !ctx.get('TRN_CODRESP').equals('00')	Recompoe Saldo	9	update Conta set saldo=? where participante_id=?	f
19	3	ctx.get('TRN_ID')>0 && ctx.get('TRN_CODRESP').equals('00')	Confirma Transacao	12	update Transacao set status_controle='CONFIRMADA' where id=?	f
12	3	ctx.getResponseCode()=='00'	Atualiza Saldo	7	update Conta set saldo=? where id=?	f
30	11	ctx.get('TRN_CODRESP').equals('00')	Restitui Saldo	15	update Conta set saldo=saldo+? where id=?	f
28	3	ctx.get('TRN_CODRESP').equals('00')	Confirma Trn Cancelamento	15	update Transacao set status_controle='CONFIRMADA' where id=?	f
24	2	ctx.getResponseCode().equals('00')	Desfaz Transacao	10	update Transacao set status_controle='DESFEITA' where id=?	f
25	4	ctx.getResponseCode().equals('00')	Recompoe Saldo	10	update Conta set saldo=saldo+? where id=?	f
29	3	!ctx.get('TRN_CODRESP').equals('00')	Desfaz Trn Cancelamento	15	update Transacao set status_controle='DESFEITA' where id=?	f
33	2	ctx.getResponseCode().equals('00')	Desfaz Cancelamento	17	update Transacao set status_controle='DESFEITA' where id=?	f
32	11	\N	Insere Transacao	16	insert into Transacao(id,date_created,status,codigo_estabelecimento,codigo_retorno,nsu,status_controle,data_hora,nsu_terminal,tipo,terminal,valor)\r\nvalues(nextval('transacao_seq'),current_timestamp,'NAO_AGENDAR',?,?,?,?,?,?,?,?,0)	f
22	3	ctx.getResponseCode().equals('00')	Desfaz Transacao	13	update Transacao set status_controle='DESFEITA' where id=?	f
36	2	ctx.getResponseCode()=='00'	Atualiza Saldo	18	update Conta set saldo=? where id=?	f
10	15	ctx.getResponseCode().equals('00') & ctx.get('PRC_ID')==0	Insere Preco	8	insert into PRODUTO_ESTABELECIMENTO(id,estabelecimento_id,produto_id,valor,valor_anterior) values(nextval('produtoestab_seq'),?,?,0,?)	f
17	9	ctx.getResponseCode().equals('00') & ctx.get('PRC_ID')>0	Atualiza Preco	8	update PRODUTO_ESTABELECIMENTO set valor_anterior=? where id=?	f
18	47	\N	Insere Transacao	8	{call "inserirTransacaoPreco"(?,?,?,?,?,?,?,?,?,?,?)}	t
21	5	ctx.get('PRC_ID')>0 && ctx.get('TRN_CODRESP').equals('00')	Confirma Preco	12	update PRODUTO_ESTABELECIMENTO set valor=valor_anterior where id=?	f
44	20	\N	Insere Transacao	19	{call "inserirTransacaoCompra"(?,?,?,?,?,?,?,?,?,?,0,?,?,?,?,?,?,'SERVICOS')}	t
41	1	ctx.getResponseCode().equals('00')	Desfaz Transacao	21	update Transacao set status_controle='DESFEITA' where id=?	f
42	2	ctx.getResponseCode().equals('00')	Recompoe Saldo	21	update Conta set saldo=saldo+? where id=?	f
38	1	ctx.get('TRN_ID')>0 && ctx.get('TRN_CODRESP').equals('00')	Confirma Transacao	20	update Transacao set status_controle='CONFIRMADA', status='AGENDAR' where id=?	f
39	1	ctx.get('TRN_ID')>0 && !ctx.get('TRN_CODRESP').equals('00')	Desfaz Transacao	20	update Transacao set status_controle='DESFEITA' where id=?	f
45	1	ctx.get('TRN_ID')>0 && ctx.get('TRN_CODRESP').equals('00')	Confirma Transacao	22	update Transacao set status_controle='CONFIRMADA', status='AGENDAR' where id=?	f
40	2	ctx.get('TRN_ID')>0 && !ctx.get('TRN_CODRESP').equals('00')	Recompoe Saldo	20	update Conta set saldo=? where participante_id=?	f
46	1	ctx.get('TRN_ID')>0 && !ctx.get('TRN_CODRESP').equals('00')	Desfaz Transacao	22	update Transacao set status_controle='DESFEITA' where id=?	f
47	2	ctx.get('TRN_ID')>0 && !ctx.get('TRN_CODRESP').equals('00')	Recompoe Saldo	22	update Conta set saldo=? where participante_id=?	f
48	1	ctx.getResponseCode().equals('00')	Desfaz Transacao	23	update Transacao set status_controle='DESFEITA' where id=?	f
26	19	\N	Insere Transacao	14	insert into Transacao(id,date_created,tipo,status,autorizada,status_controle,data_hora,nsu_terminal,terminal,codigo_estabelecimento,numero_cartao,valor,codigo_retorno,nsu)\r\nvalues(nextval('transacao_seq'),current_timestamp,'CANCELAMENTO','NAO_AGENDAR',?,?,?,?,?,?,?,?,?,?)	f
43	2	ctx.getResponseCode()=='00'	Atualiza Saldo	19	update Conta set saldo=? where id=?	f
13	116	\N	Insere Transacao	7	{call "inserirTransacaoCompra"(?,?,?,?,?,?,?,?,?,?,?,?,?,?,?,?,?,'COMBUSTIVEL')}	t
37	38	\N	Insere Transacao	18	{call "inserirTransacaoCompra"(?,?,?,?,?,?,?,?,?,?,0,?,?,?,?,?,?,'COMBUSTIVEL')}\r\n	t
35	3	ctx.get('TRN_CODRESP').equals('00')	Cancela Trn Combustivel	15	update Transacao set status_controle='CANCELADA',status='NAO_AGENDAR' where id=?	f
49	2	ctx.getResponseCode().equals('00')	Recompoe Saldo	23	update Conta set saldo=saldo+? where id=?	f
50	0	\N	Insere Transacao	25	insert into Transacao(id,date_created,status,codigo_estabelecimento,codigo_retorno,nsu,status_controle,data_hora,nsu_terminal,tipo,terminal,valor)\r\nvalues(nextval('transacao_seq'),current_timestamp,'NAO_AGENDAR',?,?,?,?,?,?,?,?,0)	f
51	0	\N	Insere Transacao	26	insert into Transacao(id,date_created,tipo,status,autorizada,status_controle,data_hora,nsu_terminal,terminal,codigo_estabelecimento,numero_cartao,valor,codigo_retorno,nsu)\r\nvalues(nextval('transacao_seq'),current_timestamp,'CANCELAMENTO','NAO_AGENDAR',?,?,?,?,?,?,?,?,?,?)	f
52	0	ctx.getResponseCode().equals('00')	Desfaz Cancelamento	27	update Transacao set status_controle='DESFEITA' where id=?	f
53	0	\N	Insere Transacao	28	{call "inserirTransacaoCompra"(?,?,?,?,?,?,?,?,?,?,?,?,?,?,?,?,?,'COMBUSTIVEL')}	t
54	0	ctx.getResponseCode()=='00'	Atualiza Saldo	28	update Conta set saldo=? where id=?	f
55	0	ctx.get('TRN_ID')>0 && ctx.get('TRN_CODRESP').equals('00')	Confirma Transacao	29	update Transacao set status_controle='CONFIRMADA', status='AGENDAR' where id=?	f
56	0	ctx.get('TRN_ID')>0 && !ctx.get('TRN_CODRESP').equals('00')	Desfaz Transacao	29	update Transacao set status_controle='DESFEITA' where id=?	f
57	0	ctx.get('TRN_ID')>0 && !ctx.get('TRN_CODRESP').equals('00')	Recompoe Saldo	29	update Conta set saldo=? where participante_id=?	f
58	0	ctx.getResponseCode().equals('00')	Desfaz Transacao	30	update Transacao set status_controle='DESFEITA' where id=?	f
59	0	ctx.getResponseCode().equals('00')	Desfaz Transacao	31	update Transacao set status_controle='DESFEITA' where id=?	f
60	0	ctx.getResponseCode().equals('00')	Recompoe Saldo	31	update Conta set saldo=saldo+? where id=?	f
61	0	ctx.getResponseCode().equals('00')	Desfaz Transacao	32	update Transacao set status_controle='DESFEITA' where id=?	f
62	0	ctx.getResponseCode().equals('00')	Recompoe Saldo	32	update Conta set saldo=saldo+? where id=?	f
63	0	ctx.getResponseCode()=='00'	Atualiza Saldo	33	update Conta set saldo=? where id=?	f
64	0	\N	Insere Transacao	33	{call "inserirTransacaoCompra"(?,?,?,?,?,?,?,?,?,?,0,?,?,?,?,?,?,'COMBUSTIVEL')}\r\n	t
65	0	\N	Insere Transacao	34	{call "inserirTransacaoCompra"(?,?,?,?,?,?,?,?,?,?,0,?,?,?,?,?,?,'SERVICOS')}	t
66	0	ctx.getResponseCode()=='00'	Atualiza Saldo	34	update Conta set saldo=? where id=?	f
67	0	ctx.get('TRN_ID')>0 && !ctx.get('TRN_CODRESP').equals('00')	Desfaz Transacao	35	update Transacao set status_controle='DESFEITA' where id=?	f
68	0	ctx.get('TRN_ID')>0 && ctx.get('TRN_CODRESP').equals('00')	Confirma Transacao	35	update Transacao set status_controle='CONFIRMADA' where id=?	f
69	0	ctx.get('PRC_ID')>0 && ctx.get('TRN_CODRESP').equals('00')	Confirma Preco	35	update PRODUTO_ESTABELECIMENTO set valor=valor_anterior where id=?	f
70	0	ctx.get('TRN_ID')>0 && ctx.get('TRN_CODRESP').equals('00')	Confirma Transacao	36	update Transacao set status_controle='CONFIRMADA', status='AGENDAR' where id=?	f
71	0	ctx.get('TRN_ID')>0 && !ctx.get('TRN_CODRESP').equals('00')	Desfaz Transacao	36	update Transacao set status_controle='DESFEITA' where id=?	f
72	0	ctx.get('TRN_ID')>0 && !ctx.get('TRN_CODRESP').equals('00')	Recompoe Saldo	36	update Conta set saldo=? where participante_id=?	f
73	0	ctx.getResponseCode().equals('00')	Desfaz Transacao	37	update Transacao set status_controle='DESFEITA' where id=?	f
74	0	ctx.getResponseCode().equals('00')	Recompoe Saldo	37	update Conta set saldo=saldo+? where id=?	f
75	0	ctx.get('TRN_CODRESP').equals('00')	Restitui Saldo	38	update Conta set saldo=saldo+? where id=?	f
76	0	ctx.get('TRN_CODRESP').equals('00')	Confirma Trn Cancelamento	38	update Transacao set status_controle='CONFIRMADA' where id=?	f
77	0	ctx.get('TRN_CODRESP').equals('00')	Cancela Trn Combustivel	38	update Transacao set status_controle='CANCELADA',status='NAO_AGENDAR' where id=?	f
78	0	!ctx.get('TRN_CODRESP').equals('00')	Desfaz Trn Cancelamento	38	update Transacao set status_controle='DESFEITA' where id=?	f
79	0	ctx.getResponseCode().equals('00') & ctx.get('PRC_ID')==0	Insere Preco	39	insert into PRODUTO_ESTABELECIMENTO(id,estabelecimento_id,produto_id,valor,valor_anterior) values(nextval('produtoestab_seq'),?,?,0,?)	f
80	0	\N	Insere Transacao	39	{call "inserirTransacaoPreco"(?,?,?,?,?,?,?,?,?,?,?)}	t
81	0	ctx.getResponseCode().equals('00') & ctx.get('PRC_ID')>0	Atualiza Preco	39	update PRODUTO_ESTABELECIMENTO set valor_anterior=? where id=?	f
82	0	ctx.get('TRN_ID')>0 && !ctx.get('TRN_CODRESP').equals('00')	Desfaz Transacao	40	update Transacao set status_controle='DESFEITA' where id=?	f
83	0	ctx.get('TRN_ID')>0 && ctx.get('TRN_CODRESP').equals('00')	Confirma Transacao	40	update Transacao set status_controle='CONFIRMADA', status='AGENDAR' where id=?	f
84	0	ctx.get('TRN_ID')>0 && !ctx.get('TRN_CODRESP').equals('00')	Recompoe Saldo	40	update Conta set saldo=? where participante_id=?	f
\.


--
-- Data for Name: persistence_input; Type: TABLE DATA; Schema: public; Owner: postgres
--

COPY persistence_input (input, input_idx, input_elt) FROM stdin;
12	1	CNT_NOVOSALDO
12	2	CNT_ID
13	1	FCN_ID
13	2	TRN_VALREAL
13	3	TRN_ESTABELECIMENTO
13	4	TRN_PLACA
14	1	TRN_ID
15	1	TRN_ID
16	1	CNT_NOVOSALDO
16	2	FCN_ID
10	1	EST_ID
17	2	PRC_ID
17	1	TRN_VALREAL
10	3	TRN_VALREAL
18	2	TRN_ESTABELECIMENTO
19	1	TRN_ID
21	1	PRC_ID
20	1	TRN_ID
18	1	TRN_VALREAL
22	1	TRN_ID
24	1	TRN_ID
25	1	TRN_VALREAL
26	1	TRN_AUTORIZADA
26	2	TRN_STATUS
26	3	TRN_DTHR
26	4	TRN_NSUTERM_INT
26	5	TRN_TERMINAL
26	6	TRN_ESTABELECIMENTO
26	7	TRN_CARTAO
26	8	TRN_VALREAL
26	9	RSP_CODE
26	10	RSP_NSU
26	11	FCN_ID
28	1	TRN_ID
29	1	TRN_ID
25	2	CNT_ID
32	1	TRN_ESTABELECIMENTO
32	2	RSP_CODE
32	3	RSP_NSU
32	4	TRN_STATUS
32	5	TRN_DTHR
32	7	TRN_TIPO
32	8	TRN_TERMINAL
33	1	TRN_ID
35	1	TRN_ORGID
30	1	TRN_VALREAL
30	2	CNT_ID
32	6	TRN_NSUTERM_INT
36	1	CNT_NOVOSALDO
36	2	CNT_ID
37	1	FCN_ID
37	2	TRN_VALREAL
37	3	TRN_ESTABELECIMENTO
37	4	TRN_EQUIP
37	5	CRT_ID
37	6	RSP_CODE
37	7	RSP_NSU
37	8	TRN_CARTAO
37	9	TRN_STATUS
37	10	EQP_ID
18	3	RSP_CODE
18	4	RSP_NSU
18	5	TRN_STATUS
18	6	TRN_DTHR
18	7	TRN_NSUTERM
18	8	TRN_TIPO
18	9	EST_ID
18	10	TRN_TERMINAL
18	11	TRN_CODPROD
10	2	PRD_ID
13	5	CRT_ID
13	6	RSP_CODE
13	7	RSP_NSU
13	8	TRN_CARTAO
13	9	TRN_STATUS
13	10	VLC_ID
13	11	TRN_KMATUAL
13	12	TRN_DTHR
13	13	TRN_TERMINAL
13	14	TRN_NSUTERM_INT
13	15	EST_ID
13	16	RSP_NEGACAO
13	17	TRN_CODPROD
37	11	TRN_DTHR
37	12	TRN_TERMINAL
37	13	TRN_NSUTERM_INT
37	14	EST_ID
37	15	RSP_NEGACAO
37	16	TRN_CODPROD
41	1	TRN_ID
42	1	TRN_VALREAL
42	2	CNT_ID
38	1	TRN_ID
39	1	TRN_ID
40	1	CNT_NOVOSALDO
40	2	FCN_ID
44	1	FCN_ID
44	2	TRN_VALREAL
44	3	TRN_ESTABELECIMENTO
44	5	CRT_ID
44	6	RSP_CODE
44	7	RSP_NSU
44	8	TRN_CARTAO
44	9	TRN_STATUS
44	4	TRN_PLACA
44	10	VLC_ID
44	11	TRN_DTHR
44	12	TRN_TERMINAL
44	13	TRN_NSUTERM_INT
44	14	EST_ID
44	15	RSP_NEGACAO
44	16	TRN_CODPROD
43	1	CNT_NOVOSALDO
43	2	CNT_ID
45	1	TRN_ID
46	1	TRN_ID
47	1	CNT_NOVOSALDO
47	2	FCN_ID
48	1	TRN_ID
49	1	TRN_VALREAL
49	2	CNT_ID
50	3	RSP_NSU
50	2	RSP_CODE
50	1	TRN_ESTABELECIMENTO
50	7	TRN_TIPO
50	6	TRN_NSUTERM_INT
50	5	TRN_DTHR
50	4	TRN_STATUS
50	8	TRN_TERMINAL
51	3	TRN_DTHR
51	2	TRN_STATUS
51	1	TRN_AUTORIZADA
51	10	RSP_NSU
51	7	TRN_CARTAO
51	6	TRN_ESTABELECIMENTO
51	5	TRN_TERMINAL
51	4	TRN_NSUTERM_INT
51	9	RSP_CODE
51	8	TRN_VALREAL
51	11	FCN_ID
52	1	TRN_ID
53	17	TRN_CODPROD
53	15	EST_ID
53	16	RSP_NEGACAO
53	13	TRN_TERMINAL
53	14	TRN_NSUTERM_INT
53	11	TRN_KMATUAL
53	12	TRN_DTHR
53	3	TRN_ESTABELECIMENTO
53	2	TRN_VALREAL
53	10	VLC_ID
53	1	FCN_ID
53	7	RSP_NSU
53	6	RSP_CODE
53	5	CRT_ID
53	4	TRN_PLACA
53	9	TRN_STATUS
53	8	TRN_CARTAO
54	2	CNT_ID
54	1	CNT_NOVOSALDO
55	1	TRN_ID
56	1	TRN_ID
57	2	FCN_ID
57	1	CNT_NOVOSALDO
58	1	TRN_ID
59	1	TRN_ID
60	2	CNT_ID
60	1	TRN_VALREAL
61	1	TRN_ID
62	2	CNT_ID
62	1	TRN_VALREAL
63	2	CNT_ID
63	1	CNT_NOVOSALDO
64	15	RSP_NEGACAO
64	16	TRN_CODPROD
64	13	TRN_NSUTERM_INT
64	14	EST_ID
64	11	TRN_DTHR
64	12	TRN_TERMINAL
64	3	TRN_ESTABELECIMENTO
64	2	TRN_VALREAL
64	10	EQP_ID
64	1	FCN_ID
64	7	RSP_NSU
64	6	RSP_CODE
64	5	CRT_ID
64	4	TRN_EQUIP
64	9	TRN_STATUS
64	8	TRN_CARTAO
65	15	RSP_NEGACAO
65	16	TRN_CODPROD
65	13	TRN_NSUTERM_INT
65	14	EST_ID
65	11	TRN_DTHR
65	12	TRN_TERMINAL
65	3	TRN_ESTABELECIMENTO
65	2	TRN_VALREAL
65	10	VLC_ID
65	1	FCN_ID
65	7	RSP_NSU
65	6	RSP_CODE
65	5	CRT_ID
65	4	TRN_PLACA
65	9	TRN_STATUS
65	8	TRN_CARTAO
66	2	CNT_ID
66	1	CNT_NOVOSALDO
67	1	TRN_ID
68	1	TRN_ID
69	1	PRC_ID
70	1	TRN_ID
71	1	TRN_ID
72	2	FCN_ID
72	1	CNT_NOVOSALDO
73	1	TRN_ID
74	2	CNT_ID
74	1	TRN_VALREAL
75	2	CNT_ID
75	1	TRN_VALREAL
76	1	TRN_ID
77	1	TRN_ORGID
78	1	TRN_ID
79	3	TRN_VALREAL
79	2	PRD_ID
79	1	EST_ID
80	3	RSP_CODE
80	2	TRN_ESTABELECIMENTO
80	1	TRN_VALREAL
80	10	TRN_TERMINAL
80	7	TRN_NSUTERM
80	6	TRN_DTHR
80	5	TRN_STATUS
80	4	RSP_NSU
80	9	EST_ID
80	8	TRN_TIPO
80	11	TRN_CODPROD
81	2	PRC_ID
81	1	TRN_VALREAL
82	1	TRN_ID
83	1	TRN_ID
84	2	FCN_ID
84	1	CNT_NOVOSALDO
\.


--
-- Name: persistence_seq; Type: SEQUENCE SET; Schema: public; Owner: postgres
--

SELECT pg_catalog.setval('persistence_seq', 84, true);


--
-- Data for Name: rule; Type: TABLE DATA; Schema: public; Owner: postgres
--

COPY rule (id, version, denial_code, index, name, transaction_service_id, condition, active) FROM stdin;
40	0	7	1	Novo Cartao	24	ctx.get('MOTIVO_CANC_CARTAO')==2 && ctx.get('STATUS_CARTAO')==4	f
41	0	6	2	Cartao Perdido/Extraviado	24	ctx.get('STATUS_CARTAO')==4 && (ctx.get('MOTIVO_CANC_CARTAO')==1 || ctx.get('MOTIVO_CANC_CARTAO')==3)	f
24	2	7	3	Matricula Valida	7	ctx.get('TRN_MATRICULA').equals(ctx.get('FCN_MATRICULA').replace('-',''))	t
26	3	10	6	Capacidade Tanque Valida	7	(Float.parseFloat(ctx.get('TRN_VALOR'))/100.0)/ctx.get('PRC_PRECO') <= ctx.get('VLC_TANQUE')	t
23	7	51	4	Saldo Disponivel	7	BigDecimal.valueOf((Double)ctx.get("CNT_SALDO")).subtract(BigDecimal.valueOf(Double.parseDouble(ctx.get("TRN_VALOR").toString())/100.0)).compareTo(BigDecimal.valueOf(0.0))>=0	t
20	2	5	1	Preco Valido	7	ctx.get('PRC_PRECO')>0	t
21	3	6	2	Cartao Ativo	7	ctx.get('CRT_STATUS').equals('ATIVO')	t
29	4	12	8	Senha Valida	7	def senha=util.hexString(ctx.get('TRN_SENHA'))\r\n\r\nreturn ctx.get('CRT_SENHA') as int==senha as int	t
27	2	11	7	Autonomia Valida	7	(ctx.get('VLC_ULTKM')==0)||(Long.parseLong(ctx.get('TRN_QUILOMETRAGEM'))-ctx.get('VLC_ULTKM')>=ctx.get('VLC_AUTONOMIA')*ctx.get('VLC_LITROS'))	t
31	0	5	1	Preco Valido	18	ctx.get('PRC_PRECO')>0	t
32	0	6	2	Cartao Ativo	18	ctx.get('CRT_STATUS').equals('ATIVO')	t
33	0	51	3	Saldo Disponivel	18	BigDecimal.valueOf((Double)ctx.get("CNT_SALDO")).subtract(BigDecimal.valueOf(Double.parseDouble(ctx.get("TRN_VALOR").toString())/100.0)).compareTo(BigDecimal.valueOf(0.0))>=0	t
35	0	10	5	Capacidade Tanque	18	(Float.parseFloat(ctx.get('TRN_VALOR'))/100.0)/ctx.get('PRC_PRECO') <= ctx.get('EQP_TANQUE')	t
42	0	28	3	Programa Bloqueado	24	ctx.get('STATUS_PRG')<>1	f
34	3	9	4	Combustivel Valido	18	(ctx.get('TRN_CODPROD').equals('01') && (ctx.get('EQP_COMBUSTIVEL').equals('GASOLINA') || ctx.get('EQP_COMBUSTIVEL').equals('BICOMBUSTIVEL')))||(ctx.get('TRN_CODPROD').equals('02') && (ctx.get('EQP_COMBUSTIVEL').equals('ALCOOL') || ctx.get('EQP_COMBUSTIVEL').equals('BICOMBUSTIVEL')))||((ctx.get('TRN_CODPROD').equals('03') || ctx.get('TRN_CODPROD').equals('04')) && ctx.get('EQP_COMBUSTIVEL').equals('DIESEL')) 	t
39	1	1	1	Produtos Validos	19	ctx.get('PRD_VALID')	t
43	0	5	4	Programa Bloqueado	24	ctx.get('TRN_VALOR') > ctx.get('SALDO_CONTA')	f
25	7	9	5	Combustivel Valido	7	((ctx.get('TRN_CODPROD').equals('01') || ctx.get('TRN_CODPROD').equals('05') ) && (ctx.get('VLC_COMBUSTIVEL').equals('GASOLINA') || ctx.get('VLC_COMBUSTIVEL').equals('BICOMBUSTIVEL')))||(ctx.get('TRN_CODPROD').equals('02')&&(ctx.get('VLC_COMBUSTIVEL').equals('ALCOOL') || ctx.get('VLC_COMBUSTIVEL').equals('BICOMBUSTIVEL')))||((ctx.get('TRN_CODPROD').equals('03') || ctx.get('TRN_CODPROD').equals('04') || ctx.get('TRN_CODPROD').equals('06') )&& ctx.get('VLC_COMBUSTIVEL').equals('DIESEL'))	t
44	0	9	5	Estab Bloqueado	24	ctx.get('ESTAB_STS')<>1	f
45	0	11	6	Cartao/Conta Cancelados	24	ctx.get('STATUS_CARTAO')==4 || ctx.get('STATUS_CONTA')==3 || ctx.get('STATUS_CONTA')==2\r\n	f
46	1	55	7	Senha Valida	24	def senha=""\r\nctx.get('TRN_SENHA').each{b->\r\nsenha+=String.format("%02d",Integer.toHexString(b) as int)\r\n}\r\n\r\nreturn (ctx.get('SENHA_CARTAO') as int==senha as int)	f
47	1	13	9	Estabelecimento Ativo	7	ctx.get('EST_STATUS').equals('ATIVO')	t
48	1	14	10	Funcionrio Ativo	7	ctx.get('FCN_STATUS').equals('ATIVO')	t
49	1	13	8	Estabelecimento Ativo	18	ctx.get('EST_STATUS').equals('ATIVO')	t
50	1	14	9	Funcionrio Ativo	18	ctx.get('FCN_STATUS').equals('ATIVO')	t
51	1	13	2	Estabelecimento Ativo	19	ctx.get('EST_STATUS').equals('ATIVO')	t
52	1	14	3	Funcionrio Ativo	19	ctx.get('FCN_STATUS').equals('ATIVO')	t
37	1	12	7	Senha Valida	18	def senha=util.hexString(ctx.get('TRN_SENHA'))\r\n\r\nreturn ctx.get('CRT_SENHA') as int==senha as int	t
53	0	6	2	Cartao Ativo	28	ctx.get('CRT_STATUS').equals('ATIVO')	t
54	0	51	4	Saldo Disponivel	28	BigDecimal.valueOf((Double)ctx.get("CNT_SALDO")).subtract(BigDecimal.valueOf(Double.parseDouble(ctx.get("TRN_VALOR").toString())/100.0)).compareTo(BigDecimal.valueOf(0.0))>=0	t
55	0	14	10	Funcionrio Ativo	28	ctx.get('FCN_STATUS').equals('ATIVO')	t
56	0	9	5	Combustivel Valido	28	((ctx.get('TRN_CODPROD').equals('01') || ctx.get('TRN_CODPROD').equals('05') ) && (ctx.get('VLC_COMBUSTIVEL').equals('GASOLINA') || ctx.get('VLC_COMBUSTIVEL').equals('BICOMBUSTIVEL')))||(ctx.get('TRN_CODPROD').equals('02')&&(ctx.get('VLC_COMBUSTIVEL').equals('ALCOOL') || ctx.get('VLC_COMBUSTIVEL').equals('BICOMBUSTIVEL')))||((ctx.get('TRN_CODPROD').equals('03') || ctx.get('TRN_CODPROD').equals('04') || ctx.get('TRN_CODPROD').equals('06') )&& ctx.get('VLC_COMBUSTIVEL').equals('DIESEL'))	t
57	0	5	1	Preco Valido	28	ctx.get('PRC_PRECO')>0	t
58	0	7	3	Matricula Valida	28	ctx.get('TRN_MATRICULA').equals(ctx.get('FCN_MATRICULA').replace('-',''))	t
59	0	12	8	Senha Valida	28	def senha=util.hexString(ctx.get('TRN_SENHA'))\r\n\r\nreturn ctx.get('CRT_SENHA') as int==senha as int	t
60	0	10	6	Capacidade Tanque Valida	28	(Float.parseFloat(ctx.get('TRN_VALOR'))/100.0)/ctx.get('PRC_PRECO') <= ctx.get('VLC_TANQUE')	t
61	0	13	9	Estabelecimento Ativo	28	ctx.get('EST_STATUS').equals('ATIVO')	t
62	0	11	7	Autonomia Valida	28	(ctx.get('VLC_ULTKM')==0)||(Long.parseLong(ctx.get('TRN_QUILOMETRAGEM'))-ctx.get('VLC_ULTKM')>=ctx.get('VLC_AUTONOMIA')*ctx.get('VLC_LITROS'))	t
63	0	6	2	Cartao Ativo	33	ctx.get('CRT_STATUS').equals('ATIVO')	t
64	0	51	3	Saldo Disponivel	33	BigDecimal.valueOf((Double)ctx.get("CNT_SALDO")).subtract(BigDecimal.valueOf(Double.parseDouble(ctx.get("TRN_VALOR").toString())/100.0)).compareTo(BigDecimal.valueOf(0.0))>=0	t
65	0	12	7	Senha Valida	33	def senha=util.hexString(ctx.get('TRN_SENHA'))\r\n\r\nreturn ctx.get('CRT_SENHA') as int==senha as int	t
66	0	5	1	Preco Valido	33	ctx.get('PRC_PRECO')>0	t
67	0	13	8	Estabelecimento Ativo	33	ctx.get('EST_STATUS').equals('ATIVO')	t
68	0	14	9	Funcionrio Ativo	33	ctx.get('FCN_STATUS').equals('ATIVO')	t
69	0	10	5	Capacidade Tanque	33	(Float.parseFloat(ctx.get('TRN_VALOR'))/100.0)/ctx.get('PRC_PRECO') <= ctx.get('EQP_TANQUE')	t
70	0	9	4	Combustivel Valido	33	(ctx.get('TRN_CODPROD').equals('01') && (ctx.get('EQP_COMBUSTIVEL').equals('GASOLINA') || ctx.get('EQP_COMBUSTIVEL').equals('BICOMBUSTIVEL')))||(ctx.get('TRN_CODPROD').equals('02') && (ctx.get('EQP_COMBUSTIVEL').equals('ALCOOL') || ctx.get('EQP_COMBUSTIVEL').equals('BICOMBUSTIVEL')))||((ctx.get('TRN_CODPROD').equals('03') || ctx.get('TRN_CODPROD').equals('04')) && ctx.get('EQP_COMBUSTIVEL').equals('DIESEL')) 	t
71	0	1	1	Produtos Validos	34	ctx.get('PRD_VALID')	t
72	0	14	3	Funcionrio Ativo	34	ctx.get('FCN_STATUS').equals('ATIVO')	t
73	0	13	2	Estabelecimento Ativo	34	ctx.get('EST_STATUS').equals('ATIVO')	t
\.


--
-- Name: rule_seq; Type: SEQUENCE SET; Schema: public; Owner: postgres
--

SELECT pg_catalog.setval('rule_seq', 73, true);


--
-- Data for Name: service; Type: TABLE DATA; Schema: public; Owner: postgres
--

COPY service (id, version, condition, name, spec_id) FROM stdin;
2	5	ctx.get('TRN_CARTAO')?.substring(0,7).equals('6280324')	Amazon Prime - Beneficio	1
3	3	ctx.get('TRN_VERSAO') == 'SSTA200'	Amazon Card - Frota 2	2
1	124	ctx.get('TRN_VERSAO') == 'SSTA100'	Amazon Card - Frota	1
\.


--
-- Data for Name: service_connection; Type: TABLE DATA; Schema: public; Owner: postgres
--

COPY service_connection (connection, connection_idx, connection_elt) FROM stdin;
1	driver	org.postgresql.Driver
1	username	postgres
3	username	postgres
3	driver	org.postgresql.Driver
1	url	jdbc:postgresql://148.5.7.211/amazonfrota_production
3	url	jdbc:postgresql://148.5.7.211/amazonfrota_production
1	password	jmml72
3	password	jmml72
\.


--
-- Name: service_seq; Type: SEQUENCE SET; Schema: public; Owner: postgres
--

SELECT pg_catalog.setval('service_seq', 3, true);


--
-- Data for Name: spec; Type: TABLE DATA; Schema: public; Owner: postgres
--

COPY spec (id, version, name, spec_version) FROM stdin;
1	32	SPEC_SYSDATA	SSTA100
2	1	SPEC_SYSDATA	SSTA200
\.


--
-- Data for Name: supply_data; Type: TABLE DATA; Schema: public; Owner: postgres
--

COPY supply_data (id, version, denial_code, name, transaction_service_id, sql, is_function, index) FROM stdin;
13	28	3	Dados Transacao	9	select t.id as trn_id, valor as trn_valreal, saldo as cnt_saldo, t.participante_id as fcn_id from Transacao t, Conta c, Participante p where t.participante_id=p.id and p.conta_id=c.id and valor=? and data_hora=? and nsu_terminal=? and terminal=? and codigo_estabelecimento=?\r\nand t.tipo='COMBUSTIVEL'\r\n	f	1
17	28	3	Dados Transacao Combustivel	14	select t.id as trn_id, t.valor as trn_valreal, t.participante_id as fcn_id, c.saldo as cnt_saldo, c.id as cnt_id \r\nfrom Transacao t, Conta c, Participante p\r\nwhere t.tipo in ('COMBUSTIVEL','SERVICOS') and '0200'=? and t.data_hora=? and t.numero_cartao=? \r\nand t.valor=? and t.terminal=? and t.codigo_estabelecimento=? and t.nsu=?\r\nand t.participante_id=p.id\r\nand p.conta_id=c.id	f	1
18	16	3	Dados Trn Cancelamento	15	select id as trn_id from Transacao where valor=? and data_hora=? and nsu_terminal=? and terminal=? and codigo_estabelecimento=? and tipo='CANCELAMENTO' and status_controle='PENDENTE'	f	1
23	28	4	Dados Trn Combustivel	15	select t.id as trn_orgid, t.valor as trn_valreal, t.participante_id as fcn_id,  c.id as cnt_id \r\nfrom Transacao t, Conta c, Participante p\r\nwhere t.tipo in ('COMBUSTIVEL', 'SERVICOS') and '0200'=? and t.data_hora=? and t.valor=? and t.nsu_terminal=? and t.nsu=?\r\nand t.participante_id=p.id\r\nand p.conta_id=c.id	f	2
33	17	3	Valida Produtos/Estab	19	{call "validarProdutosPorEstab"(?,?)}	t	1
34	5	1	Dados Estabelecimento	19	select id as est_id, status as est_status from PARTICIPANTE where codigo=?	f	2
35	12	2	Dados Funcionarios	19	select c.id as crt_id,c.status as crt_status, \r\np.id as fcn_id,p.matricula as fcn_matricula, p.nome as fcn_nome, p.status as fcn_status,\r\nct.id as cnt_id, ct.saldo as cnt_saldo, senha as crt_senha\r\nfrom Cartao c, Participante p, Conta ct \r\nwhere p.id=c.funcionario_id\r\nand ct.id=p.conta_id\r\nand c.numero=?\r\n	f	3
36	3	4	Veiculo X Funcionario	19	select p.id from Participante p, Maquina_Motorizada v, Maquina_Funcionario vf\r\nwhere p.id=vf.funcionario_id\r\nand v.id=vf.maquina_id\r\nand substring(v.placa from 5 for 4)=?\r\nand substring(p.matricula from 1 for 8)||substring(p.matricula from 10 for 1)=?\r\nand vf.status='ATIVO'	f	4
37	4	3	Dados Veiculo	19	select id as vlc_id\r\nfrom Maquina_Motorizada v\r\nwhere class='com.sysdata.gestaofrota.Veiculo'\r\nand substring(placa from 5 for 4)=?	f	5
32	12	3	Dados Transacao	21	select t.id as trn_id, valor as trn_valreal, t.participante_id as fcn_id, c.id as cnt_id from Transacao t, Participante p, Conta c where valor=? and data_hora=? and nsu_terminal=? and terminal=? and codigo_estabelecimento=? and numero_cartao=? and tipo='COMBUSTIVEL' and '0200'=? and t.participante_id=p.id\r\nand p.conta_id=c.id and t.status_controle='PENDENTE'	f	1
39	13	3	Dados Transacao	23	select t.id as trn_id, valor as trn_valreal, t.participante_id as fcn_id, c.id as cnt_id from Transacao t, Participante p, Conta c where valor=? and data_hora=? and nsu_terminal=? and terminal=? and codigo_estabelecimento=? and numero_cartao=? and tipo='SERVICOS' and '0200'=? and t.participante_id=p.id\r\nand p.conta_id=c.id and t.status_controle='PENDENTE'	f	1
40	4	3	Dados Estabelecimento	24	SELECT EST.EST_ID EST_ID, EST.STS_ID STS_ESTAB\r\nFROM   ESTABELECIMENTOS est\r\nWHERE EST.EST_CODIGO=?	f	1
41	13	2	Dados Portador	24	Select C.Car_Id ID_CARTAO,\r\n           C.Car_Senha SENHA_CARTAO,\r\n       SC.Sdc_Id ID_SALDO,\r\n       C.Sct_Id STATUS_CARTAO,\r\n       CP.Scp_Id STATUS_CONTA,\r\n       C.Mcc_Id MOTIVO_CANC_CARTAO,\r\n       SC.Sdc_Valor SALDO_CONTA,\r\n       P.Prt_Nome NOME\r\nFrom Cartoes C,\r\n         Contas_Portadores CP,\r\n         Saldos_Contas SC,\r\n         Programas PR,\r\n         Portadores P\r\nWhere C.Ctp_Id = CP.Ctp_Id and\r\n            C.Ctp_Id = SC.Ctp_Id and\r\n            C.Prt_Id = P.Prt_Id and\r\n            C.Car_Numero =? and\r\n           ? like '______' || PR.Tpr_Id || '____________' and\r\n           ? like '_______' || PR.Prg_Codigo || '________'	f	2
42	6	1	Plano Compra por Programa	24	SELECT ITE_ID\r\nFROM relacao_prog_plano(?,?'A',3)\r\nWHERE ITE_ID <> 0	f	3
43	4	28	Status Programa	24	SELECT PRG_ID, SPR_ID\r\nFROM PROGRAMAS PRG\r\nWHERE ? like '______' || PRG.Tpr_Id || '____________' and \r\n               ? like '_______' || PRG.Prg_Codigo || '________'	f	4
44	4	1	Plano de Compra por Estab	24	SELECT ITE_ID\r\nFROM relacao_estab_plano(?,?'A',3)\r\nWHERE ITE_ID <> 0	f	5
45	5	3	Relacao Prog e Estab	24	Select Epi.Prg_id, Epi.Est_id\r\nFrom Programas Pr,\r\n     Estabelecimentos Est,\r\n     Estab_Programas_Itens Epi\r\nwhere Est.Est_id = Epi.Est_id and\r\n      Pr.Prg_id = Epi.Prg_id and\r\n      Epi.Itc_id = 1 and\r\n      Epi.Cat_id = 5 and\r\n      Est.Est_Codigo =? and\r\n      ? like '______' || Pr.Tpr_Id || '____________' and\r\n      ? like '_______' || Pr.Prg_Codigo || '________'	f	6
46	2	47	Senha Cancelada	24	select ssh_id\r\nfrom CARTOES\r\nwhere car_id =? \r\nand ssh_id = 1	f	7
47	4	48	Senha Invalida Mais de 3X	24	select (SELECT FIRST 1 SKIP 1\r\n               SUBSTRING(CAST(trn_datahorahost AS VARCHAR(24)) FROM 12 FOR 2)\r\n            || SUBSTRING(CAST(trn_datahorahost AS VARCHAR(24)) FROM 15 FOR 2)\r\n            || SUBSTRING(CAST(trn_datahorahost AS VARCHAR(24)) FROM 18 FOR 2)\r\n        FROM transacoes\r\n        where car_id = :ID_CARTAO and mng_id = 55\r\n          and cast(Trn_DataHoraHost as date) = cast(current_date as date)\r\n        order by trn_datahorahost desc) DATA_NEGADA,\r\n       (SELECT FIRST 1\r\n               SUBSTRING(CAST(trn_datahorahost AS VARCHAR(24)) FROM 12 FOR 2)\r\n            || SUBSTRING(CAST(trn_datahorahost AS VARCHAR(24)) FROM 15 FOR 2)\r\n            || SUBSTRING(CAST(trn_datahorahost AS VARCHAR(24)) FROM 18 FOR 2)\r\n        FROM transacoes\r\n        where car_id = :ID_CARTAO and mng_id = 00\r\n          and cast(Trn_DataHoraHost as date) = cast(current_date as date)\r\n        order by trn_datahorahost desc) DATA_AUTORIZADA\r\nFROM NONE	f	8
10	38	1	Dados Estabelecimento	7	select e.id as est_id, pe.valor as prc_preco, e.status as est_status from PARTICIPANTE e, PRODUTO_ESTABELECIMENTO pe, PRODUTO p\r\nwhere e.codigo=?\r\nand e.id=pe.estabelecimento_id\r\nand pe.produto_id=p.id\r\nand p.codigo=?\r\n	f	1
24	7	99	Variacao Autonomia	7	select cast(valor as float) as var_autonomia from parametro_sistema\r\nwhere nome='VARIACAO_AUTONOMIA'	f	6
55	2	1	Dados Estabelecimento	28	select e.id as est_id, pe.valor as prc_preco, e.status as est_status from PARTICIPANTE e, PRODUTO_ESTABELECIMENTO pe, PRODUTO p\r\nwhere e.codigo=?\r\nand e.id=pe.estabelecimento_id\r\nand pe.produto_id=p.id\r\nand p.codigo=?\r\n	f	1
8	26	1	Estab Valido	8	select e.id as est_id, \r\n\r\n(select pe.id from Produto_Estabelecimento pe, Produto p \r\nwhere pe.estabelecimento_id=e.id and p.id=pe.produto_id and p.codigo=?)  as prc_id\r\n\r\nfrom Participante e\r\n\r\nwhere e.codigo=?\r\n	f	1
30	11	15	Produto Valido	8	select id as PRD_ID, nome as PRD_NOME from Produto where codigo=?	f	2
14	24	3	Dados Transacao	10	select t.id as trn_id, valor as trn_valreal, t.participante_id as fcn_id, c.id as cnt_id from Transacao t, Participante p, Conta c where valor=? and data_hora=? and nsu_terminal=? and terminal=? and codigo_estabelecimento=? and numero_cartao=? and tipo='COMBUSTIVEL' and '0200'=? and t.participante_id=p.id\r\nand p.conta_id=c.id and t.status_controle='PENDENTE'	f	1
15	16	3	Dados Transacao	12	select t.id as trn_id, p.id as prc_id from TRANSACAO t, TRANSACAO_PRODUTO tp, PRODUTO_ESTABELECIMENTO p \r\nwhere t.valor=? and data_hora=? and nsu_terminal=? and codigo_estabelecimento=? and terminal=? \r\nand t.id=tp.transacao_id\r\nand tp.produto_id=p.produto_id\r\nand t.estabelecimento_id=p.estabelecimento_id\r\nand t.status_controle='PENDENTE'\r\nand t.tipo='CONFIGURACAO_PRECO'	f	1
16	18	3	Dados Transacao	13	select t.id as trn_id, p.id as prc_id from TRANSACAO t, TRANSACAO_PRODUTO tp, PRODUTO_ESTABELECIMENTO p \r\nwhere t.valor=? and data_hora=? and nsu_terminal=? and codigo_estabelecimento=? and terminal=? \r\nand t.id=tp.transacao_id\r\nand tp.produto_id=p.produto_id\r\nand t.estabelecimento_id=p.estabelecimento_id\r\nand t.status_controle='PENDENTE'\r\nand t.tipo='CONFIGURACAO_PRECO'	f	1
19	44	1	Precos Produtos	16	{call "listarProdutos"(?)}	t	1
22	15	3	Dados Transacao	17	select t.id as trn_id, t.status_controle as trn_status from Transacao t where valor=? and data_hora=? and nsu_terminal=? and terminal=? and codigo_estabelecimento=? and numero_cartao=? and tipo='CANCELAMENTO' and '0200'=? and t.status_controle='PENDENTE'	f	1
25	14	1	Dados Estabelecimento	18	select e.id as est_id, e.status as est_status, pe.valor as prc_preco from PARTICIPANTE e, PRODUTO_ESTABELECIMENTO pe, PRODUTO p\r\nwhere e.codigo=?\r\nand e.id=pe.estabelecimento_id\r\nand pe.produto_id=p.id\r\nand p.codigo=?	f	1
26	12	2	Dados Funcionario	18	select c.id as crt_id,c.status as crt_status, \r\np.id as fcn_id, p.nome as fcn_nome, p.status as fcn_status,\r\nct.id as cnt_id, ct.saldo as cnt_saldo, senha as crt_senha\r\nfrom Cartao c, Participante p, Conta ct \r\nwhere p.id=c.funcionario_id\r\nand ct.id=p.conta_id\r\nand c.numero=?\r\n	f	2
28	4	4	Equipamento X Funcionario	18	select p.id from Participante p, Cartao c, Maquina_Motorizada m, Maquina_Funcionario mf\r\nwhere p.id=c.funcionario_id\r\nand c.numero=?\r\nand p.id=mf.funcionario_id\r\nand mf.maquina_id=m.id\r\nand m.codigo=?\r\nand mf.status='ATIVO'	f	4
31	13	3	Dados Transacao	20	select t.id as trn_id, valor as trn_valreal, saldo as cnt_saldo, t.participante_id as fcn_id from Transacao t, Conta c, Participante p where t.participante_id=p.id and p.conta_id=c.id and valor=? and data_hora=? and nsu_terminal=? and terminal=? and codigo_estabelecimento=?\r\nand t.tipo='COMBUSTIVEL'\r\n	f	1
38	11	3	Dados Transacao	22	select t.id as trn_id, valor as trn_valreal, saldo as cnt_saldo, t.participante_id as fcn_id from Transacao t, Conta c, Participante p where t.participante_id=p.id and p.conta_id=c.id and valor=? and data_hora=? and nsu_terminal=? and terminal=? and codigo_estabelecimento=?\r\nand t.tipo='SERVICOS'\r\n	f	1
49	1	1	Precos Produtos	25	{call "listarProdutos"(?)}	t	1
50	1	3	Dados Transacao Combustivel	26	select t.id as trn_id, t.valor as trn_valreal, t.participante_id as fcn_id, c.saldo as cnt_saldo, c.id as cnt_id \r\nfrom Transacao t, Conta c, Participante p\r\nwhere t.tipo in ('COMBUSTIVEL','SERVICOS') and '0200'=? and t.data_hora=? and t.numero_cartao=? \r\nand t.valor=? and t.terminal=? and t.codigo_estabelecimento=? and t.nsu=?\r\nand t.participante_id=p.id\r\nand p.conta_id=c.id	f	1
51	1	3	Dados Transacao	27	select t.id as trn_id, t.status_controle as trn_status from Transacao t where valor=? and data_hora=? and nsu_terminal=? and terminal=? and codigo_estabelecimento=? and numero_cartao=? and tipo='CANCELAMENTO' and '0200'=? and t.status_controle='PENDENTE'	f	1
53	5	2	Dados Funcionario	28	select p.id as fcn_id,p.matricula as fcn_matricula, p.nome as fcn_nome, p.status as fcn_status,\r\nct.id as cnt_id, ct.saldo as cnt_saldo\r\nfrom Participante p, Conta ct \r\nwhere ct.id=p.conta_id\r\nand substring(p.matricula from 1 for 8)||substring(p.matricula from 10 for 1)=?\r\n	f	2
56	2	99	Variacao Autonomia	28	select cast(valor as float) as var_autonomia from parametro_sistema\r\nwhere nome='VARIACAO_AUTONOMIA'	f	6
57	1	3	Dados Transacao	29	select t.id as trn_id, valor as trn_valreal, saldo as cnt_saldo, t.participante_id as fcn_id from Transacao t, Conta c, Participante p where t.participante_id=p.id and p.conta_id=c.id and valor=? and data_hora=? and nsu_terminal=? and terminal=? and codigo_estabelecimento=?\r\nand t.tipo='COMBUSTIVEL'\r\n	f	1
12	10	4	Veiculo X Funcionario	7	select p.id from Participante p, Maquina_Motorizada v, Maquina_Funcionario vf\r\nwhere p.id=vf.funcionario_id\r\nand v.id=vf.maquina_id\r\nand substring(v.placa from 5 for 4)=?\r\nand substring(p.matricula from 1 for 8)||substring(p.matricula from 10 for 1)=?\r\nand vf.status='ATIVO'	f	5
58	1	3	Dados Transacao	30	select t.id as trn_id, p.id as prc_id from TRANSACAO t, TRANSACAO_PRODUTO tp, PRODUTO_ESTABELECIMENTO p \r\nwhere t.valor=? and data_hora=? and nsu_terminal=? and codigo_estabelecimento=? and terminal=? \r\nand t.id=tp.transacao_id\r\nand tp.produto_id=p.produto_id\r\nand t.estabelecimento_id=p.estabelecimento_id\r\nand t.status_controle='PENDENTE'\r\nand t.tipo='CONFIGURACAO_PRECO'	f	1
59	1	3	Dados Transacao	31	select t.id as trn_id, valor as trn_valreal, t.participante_id as fcn_id, c.id as cnt_id from Transacao t, Participante p, Conta c where valor=? and data_hora=? and nsu_terminal=? and terminal=? and codigo_estabelecimento=? and numero_cartao=? and tipo='COMBUSTIVEL' and '0200'=? and t.participante_id=p.id\r\nand p.conta_id=c.id and t.status_controle='PENDENTE'	f	1
60	1	3	Dados Transacao	32	select t.id as trn_id, valor as trn_valreal, t.participante_id as fcn_id, c.id as cnt_id from Transacao t, Participante p, Conta c where valor=? and data_hora=? and nsu_terminal=? and terminal=? and codigo_estabelecimento=? and numero_cartao=? and tipo='SERVICOS' and '0200'=? and t.participante_id=p.id\r\nand p.conta_id=c.id and t.status_controle='PENDENTE'	f	1
61	1	4	Equipamento X Funcionario	33	select p.id from Participante p, Cartao c, Maquina_Motorizada m, Maquina_Funcionario mf\r\nwhere p.id=c.funcionario_id\r\nand c.numero=?\r\nand p.id=mf.funcionario_id\r\nand mf.maquina_id=m.id\r\nand m.codigo=?\r\nand mf.status='ATIVO'	f	1
62	1	1	Dados Estabelecimento	33	select e.id as est_id, e.status as est_status, pe.valor as prc_preco from PARTICIPANTE e, PRODUTO_ESTABELECIMENTO pe, PRODUTO p\r\nwhere e.codigo=?\r\nand e.id=pe.estabelecimento_id\r\nand pe.produto_id=p.id\r\nand p.codigo=?	f	2
63	1	2	Dados Funcionario	33	select c.id as crt_id,c.status as crt_status, \r\np.id as fcn_id, p.nome as fcn_nome, p.status as fcn_status,\r\nct.id as cnt_id, ct.saldo as cnt_saldo, senha as crt_senha\r\nfrom Cartao c, Participante p, Conta ct \r\nwhere p.id=c.funcionario_id\r\nand ct.id=p.conta_id\r\nand c.numero=?\r\n	f	3
65	1	3	Valida Produtos/Estab	34	{call "validarProdutosPorEstab"(?,?)}	t	1
66	1	3	Dados Veiculo	34	select id as vlc_id\r\nfrom Maquina_Motorizada v\r\nwhere class='com.sysdata.gestaofrota.Veiculo'\r\nand substring(placa from 5 for 4)=?	f	2
67	1	4	Veiculo X Funcionario	34	select p.id from Participante p, Maquina_Motorizada v, Maquina_Funcionario vf\r\nwhere p.id=vf.funcionario_id\r\nand v.id=vf.maquina_id\r\nand substring(v.placa from 5 for 4)=?\r\nand substring(p.matricula from 1 for 8)||substring(p.matricula from 10 for 1)=?\r\nand vf.status='ATIVO'	f	3
68	1	1	Dados Estabelecimento	34	select id as est_id, status as est_status from PARTICIPANTE where codigo=?	f	4
69	1	2	Dados Funcionarios	34	select c.id as crt_id,c.status as crt_status, \r\np.id as fcn_id,p.matricula as fcn_matricula, p.nome as fcn_nome, p.status as fcn_status,\r\nct.id as cnt_id, ct.saldo as cnt_saldo, senha as crt_senha\r\nfrom Cartao c, Participante p, Conta ct \r\nwhere p.id=c.funcionario_id\r\nand ct.id=p.conta_id\r\nand c.numero=?\r\n	f	5
70	1	3	Dados Transacao	35	select t.id as trn_id, p.id as prc_id from TRANSACAO t, TRANSACAO_PRODUTO tp, PRODUTO_ESTABELECIMENTO p \r\nwhere t.valor=? and data_hora=? and nsu_terminal=? and codigo_estabelecimento=? and terminal=? \r\nand t.id=tp.transacao_id\r\nand tp.produto_id=p.produto_id\r\nand t.estabelecimento_id=p.estabelecimento_id\r\nand t.status_controle='PENDENTE'\r\nand t.tipo='CONFIGURACAO_PRECO'	f	1
71	1	3	Dados Transacao	36	select t.id as trn_id, valor as trn_valreal, saldo as cnt_saldo, t.participante_id as fcn_id from Transacao t, Conta c, Participante p where t.participante_id=p.id and p.conta_id=c.id and valor=? and data_hora=? and nsu_terminal=? and terminal=? and codigo_estabelecimento=?\r\nand t.tipo='COMBUSTIVEL'\r\n	f	1
72	1	3	Dados Transacao	37	select t.id as trn_id, valor as trn_valreal, t.participante_id as fcn_id, c.id as cnt_id from Transacao t, Participante p, Conta c where valor=? and data_hora=? and nsu_terminal=? and terminal=? and codigo_estabelecimento=? and numero_cartao=? and tipo='COMBUSTIVEL' and '0200'=? and t.participante_id=p.id\r\nand p.conta_id=c.id and t.status_controle='PENDENTE'	f	1
73	1	3	Dados Trn Cancelamento	38	select id as trn_id from Transacao where valor=? and data_hora=? and nsu_terminal=? and terminal=? and codigo_estabelecimento=? and tipo='CANCELAMENTO' and status_controle='PENDENTE'	f	1
74	1	4	Dados Trn Combustivel	38	select t.id as trn_orgid, t.valor as trn_valreal, t.participante_id as fcn_id,  c.id as cnt_id \r\nfrom Transacao t, Conta c, Participante p\r\nwhere t.tipo in ('COMBUSTIVEL', 'SERVICOS') and '0200'=? and t.data_hora=? and t.valor=? and t.nsu_terminal=? and t.nsu=?\r\nand t.participante_id=p.id\r\nand p.conta_id=c.id	f	2
75	1	15	Produto Valido	39	select id as PRD_ID, nome as PRD_NOME from Produto where codigo=?	f	1
76	1	1	Estab Valido	39	select e.id as est_id, \r\n\r\n(select pe.id from Produto_Estabelecimento pe, Produto p \r\nwhere pe.estabelecimento_id=e.id and p.id=pe.produto_id and p.codigo=?)  as prc_id\r\n\r\nfrom Participante e\r\n\r\nwhere e.codigo=?\r\n	f	2
77	1	3	Dados Transacao	40	select t.id as trn_id, valor as trn_valreal, saldo as cnt_saldo, t.participante_id as fcn_id from Transacao t, Conta c, Participante p where t.participante_id=p.id and p.conta_id=c.id and valor=? and data_hora=? and nsu_terminal=? and terminal=? and codigo_estabelecimento=?\r\nand t.tipo='SERVICOS'\r\n	f	1
52	3	4	Veiculo X Funcionario	28	select p.id from Participante p, Maquina_Motorizada v, Maquina_Funcionario vf\r\nwhere p.id=vf.funcionario_id\r\nand v.id=vf.maquina_id\r\nand substring(v.placa from 1 for 3)||substring(v.placa from 5 for 4)=?\r\nand substring(p.matricula from 1 for 8)||substring(p.matricula from 10 for 1)=?\r\nand vf.status='ATIVO'	f	5
27	10	3	Dados Equipamento	18	select \r\nid as eqp_id,\r\ncodigo as eqp_codigo,\r\ntipo_abastecimento as eqp_combustivel, \r\nmedia_consumo as eqp_consumo, \r\ncapacidade_tanque as eqp_tanque,\r\n\r\ncurrent_date-\r\ncast( coalesce((select date_created from Transacao where id=(select max(id) from Transacao t where t.maquina_id=v.id\r\nand t.status_controle in ('PENDENTE','CONFIRMADA'))),current_date) as date) as eqp_dias,\r\n\r\ncoalesce((select valor/preco_unitario from Transacao where id=(select max(id) from Transacao t where t.maquina_id=v.id\r\nand t.status_controle in ('PENDENTE','CONFIRMADA'))),0) as eqp_litros\r\n\r\n\r\nfrom Maquina_Motorizada v\r\nwhere class='com.sysdata.gestaofrota.Equipamento'\r\nand codigo=?	f	3
64	1	3	Dados Equipamento	33	select \r\nid as eqp_id,\r\ncodigo as eqp_codigo,\r\ntipo_abastecimento as eqp_combustivel, \r\nmedia_consumo as eqp_consumo, \r\ncapacidade_tanque as eqp_tanque,\r\n\r\ncurrent_date-\r\ncast( coalesce((select date_created from Transacao where id=(select max(id) from Transacao t where t.maquina_id=v.id\r\nand t.status_controle in ('PENDENTE','CONFIRMADA'))),current_date) as date) as eqp_dias,\r\n\r\ncoalesce((select valor/preco_unitario from Transacao where id=(select max(id) from Transacao t where t.maquina_id=v.id\r\nand t.status_controle in ('PENDENTE','CONFIRMADA'))),0) as eqp_litros\r\n\r\n\r\nfrom Maquina_Motorizada v\r\nwhere class='com.sysdata.gestaofrota.Equipamento'\r\nand codigo=?	f	4
80	5	6	Dados Cartao	28	select c.id as crt_id, c.status as crt_status, senha as crt_senha\r\nfrom Cartao c, Participante p\r\nwhere c.funcionario_id=p.id\r\nand c.numero=?\r\nand substring(p.matricula from 1 for 8)||substring(p.matricula from 10 for 1)=?\r\n	f	3
78	11	2	Dados Funcionario	7	select p.id as fcn_id,p.matricula as fcn_matricula, p.nome as fcn_nome, p.status as fcn_status,\r\nct.id as cnt_id, ct.saldo as cnt_saldo\r\nfrom Participante p, Conta ct \r\nwhere ct.id=p.conta_id\r\nand substring(p.matricula from 1 for 8)||substring(p.matricula from 10 for 1)=?\r\n	f	2
79	7	6	Dados Cartao	7	select c.id as crt_id, c.status as crt_status, senha as crt_senha\r\nfrom Cartao c, Participante p\r\nwhere c.funcionario_id=p.id\r\nand c.numero=?\r\nand substring(p.matricula from 1 for 8)||substring(p.matricula from 10 for 1)=?	f	3
11	25	3	Dados Veiculo	7	select id as vlc_id,placa as vlc_placa,tipo_abastecimento as vlc_combustivel, \r\nautonomia as vlc_autonomia, capacidade_tanque as vlc_tanque,\r\n\r\ncoalesce((select quilometragem from Transacao where id=(select max(id) from Transacao t where t.maquina_id=v.id\r\nand t.status_controle in ('PENDENTE','CONFIRMADA'))),0) as vlc_ultkm,\r\n\r\ncoalesce((select valor/preco_unitario from Transacao where id=(select max(id) from Transacao t where t.maquina_id=v.id\r\nand t.status_controle in ('PENDENTE','CONFIRMADA'))),0) as vlc_litros\r\n\r\n\r\nfrom Maquina_Motorizada v\r\nwhere class='com.sysdata.gestaofrota.Veiculo'\r\nand substring(placa from 5 for 4)=?	f	4
54	3	3	Dados Veiculo	28	select id as vlc_id,placa as vlc_placa,tipo_abastecimento as vlc_combustivel, \r\nautonomia as vlc_autonomia, capacidade_tanque as vlc_tanque,\r\n\r\ncoalesce((select quilometragem from Transacao where id=(select max(id) from Transacao t where t.maquina_id=v.id\r\nand t.status_controle in ('PENDENTE','CONFIRMADA'))),0) as vlc_ultkm,\r\n\r\ncoalesce((select valor/preco_unitario from Transacao where id=(select max(id) from Transacao t where t.maquina_id=v.id\r\nand t.status_controle in ('PENDENTE','CONFIRMADA'))),0) as vlc_litros\r\n\r\n\r\nfrom Maquina_Motorizada v\r\nwhere class='com.sysdata.gestaofrota.Veiculo'\r\nand substring(v.placa from 1 for 3)||substring(v.placa from 5 for 4)=?	f	4
\.


--
-- Data for Name: supply_data_output; Type: TABLE DATA; Schema: public; Owner: postgres
--

COPY supply_data_output (output, output_idx, output_elt) FROM stdin;
10	EST_ID	EST_ID
11	VLC_ID	VLC_ID
11	VLC_PLACA	VLC_PLACA
11	VLC_COMBUSTIVEL	VLC_COMBUSTIVEL
11	VLC_AUTONOMIA	VLC_AUTONOMIA
11	VLC_TANQUE	VLC_TANQUE
10	PRC_PRECO	PRC_PRECO
11	VLC_ULTKM	VLC_ULTKM
13	TRN_ID	TRN_ID
13	TRN_VALREAL	TRN_VALREAL
13	CNT_SALDO	CNT_SALDO
13	FCN_ID	FCN_ID
14	TRN_ID	TRN_ID
14	TRN_VALREAL	TRN_VALREAL
14	FCN_ID	FCN_ID
8	EST_ID	EST_ID
8	PRC_ID	PRC_ID
15	TRN_ID	TRN_ID
15	PRC_ID	PRC_ID
16	TRN_ID	TRN_ID
16	PRC_ID	PRC_ID
17	TRN_ID	TRN_ID
17	TRN_VALREAL	TRN_VALREAL
17	FCN_ID	FCN_ID
17	CNT_SALDO	CNT_SALDO
18	TRN_ID	TRN_ID
17	CNT_ID	CNT_ID
14	CNT_ID	CNT_ID
22	TRN_ID	TRN_ID
22	TRN_STATUS	TRN_STATUS
23	TRN_VALREAL	TRN_VALREAL
23	FCN_ID	FCN_ID
23	TRN_ORGID	TRN_ORGID
23	CNT_ID	CNT_ID
11	VLC_LITROS	VLC_LITROS
24	VAR_AUTONOMIA	VAR_AUTONOMIA
25	EST_ID	EST_ID
25	PRC_PRECO	PRC_PRECO
26	CRT_SENHA	CRT_SENHA
26	CNT_SALDO	CNT_SALDO
26	CRT_ID	CRT_ID
26	CRT_STATUS	CRT_STATUS
26	FCN_ID	FCN_ID
26	FCN_NOME	FCN_NOME
26	CNT_ID	CNT_ID
27	EQP_ID	EQP_ID
27	EQP_CODIGO	EQP_CODIGO
27	EQP_COMBUSTIVEL	EQP_COMBUSTIVEL
27	EQP_CONSUMO	EQP_CONSUMO
27	EQP_TANQUE	EQP_TANQUE
27	EQP_DIAS	EQP_DIAS
27	EQP_LITROS	EQP_LITROS
30	PRD_NOME	PRD_NOME
30	PRD_ID	PRD_ID
40	EST_ID	EST_ID
40	STS_ESTAB	STS_ESTAB
42	ITE_ID	ID_PLANO
41	SENHA_CARTAO	SENHA_CARTAO
31	CNT_SALDO	CNT_SALDO
31	TRN_VALREAL	TRN_VALREAL
31	FCN_ID	FCN_ID
31	TRN_ID	TRN_ID
32	TRN_VALREAL	TRN_VALREAL
32	FCN_ID	FCN_ID
32	TRN_ID	TRN_ID
32	CNT_ID	CNT_ID
34	EST_ID	EST_ID
35	FCN_MATRICULA	FCN_MATRICULA
35	CRT_SENHA	CRT_SENHA
35	CNT_SALDO	CNT_SALDO
35	CRT_ID	CRT_ID
35	CRT_STATUS	CRT_STATUS
35	FCN_ID	FCN_ID
35	FCN_NOME	FCN_NOME
35	CNT_ID	CNT_ID
37	VLC_ID	VLC_ID
38	CNT_SALDO	CNT_SALDO
38	TRN_VALREAL	TRN_VALREAL
38	FCN_ID	FCN_ID
38	TRN_ID	TRN_ID
41	NOME	NOME
33	result	PRD_VALID
39	TRN_VALREAL	TRN_VALREAL
39	FCN_ID	FCN_ID
39	TRN_ID	TRN_ID
39	CNT_ID	CNT_ID
19	result	PRD_DESC
41	ID_SALDO	ID_SALDO
41	ID_CARTAO	ID_CARTAO
41	SALDO_CONTA	SALDO_CONTA
41	MOTIVO_CANC_CARTAO	MOTIVO_CANC_CARTAO
41	STATUS_CARTAO	STATUS_CARTAO
43	PRG_ID	ID_PRG
43	SPR_ID	STATUS_PRG
44	ITE_ID	ID_PLANO
47	DATA_ALTORIZADA	ULTIMA_ALTORIZADA
47	DATA_NEGADA	ULTIMA_NEGADA
10	EST_STATUS	EST_STATUS
26	FCN_STATUS	FCN_STATUS
25	EST_STATUS	EST_STATUS
35	FCN_STATUS	FCN_STATUS
34	EST_STATUS	EST_STATUS
49	result	PRD_DESC
50	CNT_SALDO	CNT_SALDO
50	TRN_VALREAL	TRN_VALREAL
50	FCN_ID	FCN_ID
50	TRN_ID	TRN_ID
50	CNT_ID	CNT_ID
51	TRN_STATUS	TRN_STATUS
51	TRN_ID	TRN_ID
53	FCN_MATRICULA	FCN_MATRICULA
53	FCN_STATUS	FCN_STATUS
53	CNT_SALDO	CNT_SALDO
53	FCN_ID	FCN_ID
53	FCN_NOME	FCN_NOME
53	CNT_ID	CNT_ID
54	VLC_PLACA	VLC_PLACA
54	VLC_AUTONOMIA	VLC_AUTONOMIA
54	VLC_ID	VLC_ID
54	VLC_ULTKM	VLC_ULTKM
54	VLC_COMBUSTIVEL	VLC_COMBUSTIVEL
54	VLC_TANQUE	VLC_TANQUE
54	VLC_LITROS	VLC_LITROS
55	EST_ID	EST_ID
55	PRC_PRECO	PRC_PRECO
55	EST_STATUS	EST_STATUS
56	VAR_AUTONOMIA	VAR_AUTONOMIA
57	CNT_SALDO	CNT_SALDO
57	TRN_VALREAL	TRN_VALREAL
57	FCN_ID	FCN_ID
57	TRN_ID	TRN_ID
58	PRC_ID	PRC_ID
58	TRN_ID	TRN_ID
59	TRN_VALREAL	TRN_VALREAL
59	FCN_ID	FCN_ID
59	TRN_ID	TRN_ID
59	CNT_ID	CNT_ID
60	TRN_VALREAL	TRN_VALREAL
60	FCN_ID	FCN_ID
60	TRN_ID	TRN_ID
60	CNT_ID	CNT_ID
62	EST_ID	EST_ID
62	PRC_PRECO	PRC_PRECO
62	EST_STATUS	EST_STATUS
63	FCN_STATUS	FCN_STATUS
63	CRT_SENHA	CRT_SENHA
63	CNT_SALDO	CNT_SALDO
63	CRT_ID	CRT_ID
63	CRT_STATUS	CRT_STATUS
63	FCN_ID	FCN_ID
63	FCN_NOME	FCN_NOME
63	CNT_ID	CNT_ID
64	EQP_ID	EQP_ID
64	EQP_CODIGO	EQP_CODIGO
64	EQP_DIAS	EQP_DIAS
64	EQP_TANQUE	EQP_TANQUE
64	EQP_LITROS	EQP_LITROS
64	EQP_CONSUMO	EQP_CONSUMO
64	EQP_COMBUSTIVEL	EQP_COMBUSTIVEL
65	result	PRD_VALID
66	VLC_ID	VLC_ID
68	EST_ID	EST_ID
68	EST_STATUS	EST_STATUS
69	FCN_MATRICULA	FCN_MATRICULA
69	FCN_STATUS	FCN_STATUS
69	CRT_SENHA	CRT_SENHA
69	CNT_SALDO	CNT_SALDO
69	CRT_ID	CRT_ID
69	CRT_STATUS	CRT_STATUS
69	FCN_ID	FCN_ID
69	FCN_NOME	FCN_NOME
69	CNT_ID	CNT_ID
70	PRC_ID	PRC_ID
70	TRN_ID	TRN_ID
71	CNT_SALDO	CNT_SALDO
71	TRN_VALREAL	TRN_VALREAL
71	FCN_ID	FCN_ID
71	TRN_ID	TRN_ID
72	TRN_VALREAL	TRN_VALREAL
72	FCN_ID	FCN_ID
72	TRN_ID	TRN_ID
72	CNT_ID	CNT_ID
73	TRN_ID	TRN_ID
74	TRN_VALREAL	TRN_VALREAL
74	TRN_ORGID	TRN_ORGID
74	FCN_ID	FCN_ID
74	CNT_ID	CNT_ID
75	PRD_NOME	PRD_NOME
75	PRD_ID	PRD_ID
76	EST_ID	EST_ID
76	PRC_ID	PRC_ID
77	CNT_SALDO	CNT_SALDO
77	TRN_VALREAL	TRN_VALREAL
77	FCN_ID	FCN_ID
77	TRN_ID	TRN_ID
78	FCN_ID	FCN_ID
78	FCN_MATRICULA	FCN_MATRICULA
78	FCN_NOME	FCN_NOME
78	FCN_STATUS	FCN_STATUS
78	CNT_ID	CNT_ID
78	CNT_SALDO	CNT_SALDO
79	CRT_ID	CRT_ID
79	CRT_STATUS	CRT_STATUS
79	CRT_SENHA	CRT_SENHA
80	CRT_SENHA	CRT_SENHA
80	CRT_ID	CRT_ID
80	CRT_STATUS	CRT_STATUS
\.


--
-- Name: supplydata_seq; Type: SEQUENCE SET; Schema: public; Owner: postgres
--

SELECT pg_catalog.setval('supplydata_seq', 80, true);


--
-- Data for Name: transaction; Type: TABLE DATA; Schema: public; Owner: postgres
--

COPY transaction (id, version, mti, process_code, spec_id) FROM stdin;
23	10	430	600000	1
9	20	200	2100	1
10	15	210	2100	1
19	16	200	200030	1
16	8	202	2100	1
17	14	420	2100	1
18	12	430	2100	1
20	12	210	200030	1
14	12	810	600000	1
22	10	420	600000	1
25	9	810	310000	1
26	14	420	200030	1
21	8	202	200030	1
27	12	430	200030	1
28	18	200	2200	1
29	12	210	2200	1
30	8	202	2200	1
40	1	200	3000	1
33	0	200	2300	1
34	0	210	2300	1
35	0	202	2300	1
36	0	420	2300	1
37	0	430	2300	1
38	0	420	2200	1
39	0	430	2200	1
41	0	210	2100	2
42	0	200	3000	2
44	0	200	2300	2
46	0	430	2100	2
47	0	210	200030	2
48	0	420	600000	2
50	0	430	2300	2
51	0	430	200030	2
52	0	200	2100	2
53	0	210	2200	2
54	0	420	2100	2
55	0	200	200030	2
56	0	202	2300	2
57	0	420	2300	2
58	0	810	600000	2
59	0	202	2200	2
60	0	200	2200	2
61	0	430	2200	2
62	0	420	200030	2
63	0	210	2300	2
64	0	430	600000	2
65	0	810	310000	2
67	0	420	2200	2
68	0	202	200030	2
45	1	202	2100	2
13	12	800	600000	1
43	1	800	600000	2
15	11	802	600000	1
66	1	802	600000	2
24	7	800	310000	1
49	1	800	310000	2
\.


--
-- Name: transaction_seq; Type: SEQUENCE SET; Schema: public; Owner: postgres
--

SELECT pg_catalog.setval('transaction_seq', 68, true);


--
-- Data for Name: transaction_service; Type: TABLE DATA; Schema: public; Owner: postgres
--

COPY transaction_service (id, version, mti, name, process_code, service_id) FROM stdin;
12	5	802	Confirmacao Configuracao	600000	1
13	4	420	Desfazimento Configuracao	600000	1
10	5	420	Desfazimento Combustivel	2100	1
17	3	420	Desfazimento Cancelamento 	200030	1
9	6	202	Confirmacao Combustivel	2100	1
15	7	202	Confirmacao Cancelamento	200030	1
16	10	800	Consulta de Precos	310000	1
8	20	800	Configuracao de Precos	600000	1
20	4	202	Confirmacao Equipamento	2200	1
18	27	200	Combustivel Equipamento	2200	1
21	4	420	Desfazimento Equipamento	2200	1
19	20	200	Servico	2300	1
24	20	200	Compra A Vista	3000	2
22	4	202	Confirmacao Servico	2300	1
14	15	200	Cancelamento Combustivel	200030	1
23	4	420	Desfazimento Servico	2300	1
25	0	800	Consulta de Precos	310000	3
26	0	200	Cancelamento Combustivel	200030	3
27	0	420	Desfazimento Cancelamento 	200030	3
29	0	202	Confirmacao Combustivel	2100	3
30	0	420	Desfazimento Configuracao	600000	3
31	0	420	Desfazimento Equipamento	2200	3
32	0	420	Desfazimento Servico	2300	3
33	0	200	Combustivel Equipamento	2200	3
34	0	200	Servico	2300	3
35	0	802	Confirmacao Configuracao	600000	3
36	0	202	Confirmacao Equipamento	2200	3
37	0	420	Desfazimento Combustivel	2100	3
38	0	202	Confirmacao Cancelamento	200030	3
39	0	800	Configuracao de Precos	600000	3
40	0	202	Confirmacao Servico	2300	3
7	101	200	Combustivel	2100	1
28	1	200	Combustivel	2100	3
\.


--
-- Name: transactionservice_seq; Type: SEQUENCE SET; Schema: public; Owner: postgres
--

SELECT pg_catalog.setval('transactionservice_seq', 40, true);


--
-- Name: field_pkey; Type: CONSTRAINT; Schema: public; Owner: postgres; Tablespace: 
--

ALTER TABLE ONLY field
    ADD CONSTRAINT field_pkey PRIMARY KEY (id);


--
-- Name: filler_return_pkey; Type: CONSTRAINT; Schema: public; Owner: postgres; Tablespace: 
--

ALTER TABLE ONLY filler_return
    ADD CONSTRAINT filler_return_pkey PRIMARY KEY (id);


--
-- Name: input_supply_pkey; Type: CONSTRAINT; Schema: public; Owner: postgres; Tablespace: 
--

ALTER TABLE ONLY input_supply
    ADD CONSTRAINT input_supply_pkey PRIMARY KEY (id);


--
-- Name: persistence_pkey; Type: CONSTRAINT; Schema: public; Owner: postgres; Tablespace: 
--

ALTER TABLE ONLY persistence
    ADD CONSTRAINT persistence_pkey PRIMARY KEY (id);


--
-- Name: rule_pkey; Type: CONSTRAINT; Schema: public; Owner: postgres; Tablespace: 
--

ALTER TABLE ONLY rule
    ADD CONSTRAINT rule_pkey PRIMARY KEY (id);


--
-- Name: service_pkey; Type: CONSTRAINT; Schema: public; Owner: postgres; Tablespace: 
--

ALTER TABLE ONLY service
    ADD CONSTRAINT service_pkey PRIMARY KEY (id);


--
-- Name: spec_pkey; Type: CONSTRAINT; Schema: public; Owner: postgres; Tablespace: 
--

ALTER TABLE ONLY spec
    ADD CONSTRAINT spec_pkey PRIMARY KEY (id);


--
-- Name: supply_data_pkey; Type: CONSTRAINT; Schema: public; Owner: postgres; Tablespace: 
--

ALTER TABLE ONLY supply_data
    ADD CONSTRAINT supply_data_pkey PRIMARY KEY (id);


--
-- Name: transaction_pkey; Type: CONSTRAINT; Schema: public; Owner: postgres; Tablespace: 
--

ALTER TABLE ONLY transaction
    ADD CONSTRAINT transaction_pkey PRIMARY KEY (id);


--
-- Name: transaction_service_pkey; Type: CONSTRAINT; Schema: public; Owner: postgres; Tablespace: 
--

ALTER TABLE ONLY transaction_service
    ADD CONSTRAINT transaction_service_pkey PRIMARY KEY (id);


--
-- Name: fk291781755806fcda; Type: FK CONSTRAINT; Schema: public; Owner: postgres
--

ALTER TABLE ONLY field_field
    ADD CONSTRAINT fk291781755806fcda FOREIGN KEY (field_id) REFERENCES field(id);


--
-- Name: fk29178175ec79cba0; Type: FK CONSTRAINT; Schema: public; Owner: postgres
--

ALTER TABLE ONLY field_field
    ADD CONSTRAINT fk29178175ec79cba0 FOREIGN KEY (field_subfields_id) REFERENCES field(id);


--
-- Name: fk3596fc2a65eb7d; Type: FK CONSTRAINT; Schema: public; Owner: postgres
--

ALTER TABLE ONLY rule
    ADD CONSTRAINT fk3596fc2a65eb7d FOREIGN KEY (transaction_service_id) REFERENCES transaction_service(id);


--
-- Name: fk3a8c8edf2a65eb7d; Type: FK CONSTRAINT; Schema: public; Owner: postgres
--

ALTER TABLE ONLY filler_return
    ADD CONSTRAINT fk3a8c8edf2a65eb7d FOREIGN KEY (transaction_service_id) REFERENCES transaction_service(id);


--
-- Name: fk43e4d7041ba1e244; Type: FK CONSTRAINT; Schema: public; Owner: postgres
--

ALTER TABLE ONLY input_supply
    ADD CONSTRAINT fk43e4d7041ba1e244 FOREIGN KEY (supply_id) REFERENCES supply_data(id);


--
-- Name: fk5cea0fa418b7a5a; Type: FK CONSTRAINT; Schema: public; Owner: postgres
--

ALTER TABLE ONLY field
    ADD CONSTRAINT fk5cea0fa418b7a5a FOREIGN KEY (transaction_id) REFERENCES transaction(id);


--
-- Name: fk7643c6b563a5027a; Type: FK CONSTRAINT; Schema: public; Owner: postgres
--

ALTER TABLE ONLY service
    ADD CONSTRAINT fk7643c6b563a5027a FOREIGN KEY (spec_id) REFERENCES spec(id);


--
-- Name: fk7fa0d2de63a5027a; Type: FK CONSTRAINT; Schema: public; Owner: postgres
--

ALTER TABLE ONLY transaction
    ADD CONSTRAINT fk7fa0d2de63a5027a FOREIGN KEY (spec_id) REFERENCES spec(id);


--
-- Name: fk98da825492aa06fa; Type: FK CONSTRAINT; Schema: public; Owner: postgres
--

ALTER TABLE ONLY transaction_service
    ADD CONSTRAINT fk98da825492aa06fa FOREIGN KEY (service_id) REFERENCES service(id);


--
-- Name: fkb2e6429f2a65eb7d; Type: FK CONSTRAINT; Schema: public; Owner: postgres
--

ALTER TABLE ONLY persistence
    ADD CONSTRAINT fkb2e6429f2a65eb7d FOREIGN KEY (transaction_service_id) REFERENCES transaction_service(id);


--
-- Name: fkfdc63cfa2a65eb7d; Type: FK CONSTRAINT; Schema: public; Owner: postgres
--

ALTER TABLE ONLY supply_data
    ADD CONSTRAINT fkfdc63cfa2a65eb7d FOREIGN KEY (transaction_service_id) REFERENCES transaction_service(id);


--
-- Name: public; Type: ACL; Schema: -; Owner: postgres
--

REVOKE ALL ON SCHEMA public FROM PUBLIC;
REVOKE ALL ON SCHEMA public FROM postgres;
GRANT ALL ON SCHEMA public TO postgres;
GRANT ALL ON SCHEMA public TO PUBLIC;


--
-- PostgreSQL database dump complete
--

